inst#,actual,predicted,error,predict r,res,,,,,,
1,0,0.026,0.026,0,1,0,,,,,
2,0,0.146,0.146,0,1,0,,,,104,96
3,0,0.07,0.07,0,1,0,,,,32,768
4,0,0.275,0.275,0,1,0,,,,,
5,0,0.395,0.395,0,1,0,,,,,
6,0,0.087,0.087,0,1,0,,,,,
7,0,0.108,0.108,0,1,0,,,,,
8,1,0.981,-0.019,1,1,0,,,,,
9,0,0.164,0.164,0,1,0,,,,,
10,0,0.256,0.256,0,1,0,,,,,
11,0,0.008,0.008,0,1,0,,,,,
12,1,0.168,-0.832,0,0,1,,,,,
13,1,0.866,-0.134,1,1,0,,,,,
14,1,0.313,-0.687,0,0,1,,,,,
15,1,0.84,-0.16,1,1,0,,,,,
16,0,0.013,0.013,0,1,0,,,,,
17,0,0.143,0.143,0,1,0,,,,,
18,0,0.09,0.09,0,1,0,,,,,
19,0,0.089,0.089,0,1,0,,,,,
20,0,0.053,0.053,0,1,0,,,,,
21,1,0.921,-0.079,1,1,0,,,,,
22,0,0.201,0.201,0,1,0,,,,,
23,0,0.02,0.02,0,1,0,,,,,
24,0,0.023,0.023,0,1,0,,,,,
25,0,0.072,0.072,0,1,0,,,,,
26,0,0.657,0.657,1,0,0,,,,,
27,0,0.009,0.009,0,1,0,,,,,
28,0,0.024,0.024,0,1,0,,,,,
29,0,0.084,0.084,0,1,0,,,,,
30,0,0.067,0.067,0,1,0,,,,,
31,0,0.051,0.051,0,1,0,,,,,
32,0,0.017,0.017,0,1,0,,,,,
33,0,0.012,0.012,0,1,0,,,,,
34,0,0.104,0.104,0,1,0,,,,,
35,0,0.251,0.251,0,1,0,,,,,
36,0,0.07,0.07,0,1,0,,,,,
37,0,0.07,0.07,0,1,0,,,,,
38,0,0.045,0.045,0,1,0,,,,,
39,0,0.003,0.003,0,1,0,,,,,
40,0,0.524,0.524,1,0,0,,,,,
41,0,0.101,0.101,0,1,0,,,,,
42,0,0.423,0.423,0,1,0,,,,,
43,0,0.175,0.175,0,1,0,,,,,
44,0,0.122,0.122,0,1,0,,,,,
45,0,0.04,0.04,0,1,0,,,,,
46,0,0.089,0.089,0,1,0,,,,,
47,0,0.033,0.033,0,1,0,,,,,
48,0,0.539,0.539,1,0,0,,,,,
49,0,0.399,0.399,0,1,0,,,,,
50,0,0.416,0.416,0,1,0,,,,,
51,0,0.087,0.087,0,1,0,,,,,
52,0,0.028,0.028,0,1,0,,,,,
53,0,0.535,0.535,1,0,0,,,,,
54,0,0.077,0.077,0,1,0,,,,,
55,0,0.059,0.059,0,1,0,,,,,
56,0,0.012,0.012,0,1,0,,,,,
57,0,0.312,0.312,0,1,0,,,,,
58,1,0.291,-0.709,0,0,1,,,,,
59,0,0.019,0.019,0,1,0,,,,,
60,0,0.032,0.032,0,1,0,,,,,
61,0,0.144,0.144,0,1,0,,,,,
62,0,0.206,0.206,0,1,0,,,,,
63,0,0.079,0.079,0,1,0,,,,,
64,0,0.032,0.032,0,1,0,,,,,
65,0,0.33,0.33,0,1,0,,,,,
66,0,0.057,0.057,0,1,0,,,,,
67,0,0.489,0.489,0,1,0,,,,,
68,0,0.225,0.225,0,1,0,,,,,
69,1,0.592,-0.408,1,1,0,,,,,
70,1,0.784,-0.216,1,1,0,,,,,
71,0,0.444,0.444,0,1,0,,,,,
72,1,0.54,-0.46,1,1,0,,,,,
73,0,0.017,0.017,0,1,0,,,,,
74,0,0.428,0.428,0,1,0,,,,,
75,1,0.919,-0.081,1,1,0,,,,,
76,0,0.029,0.029,0,1,0,,,,,
77,1,0.522,-0.478,1,1,0,,,,,
78,0,0.118,0.118,0,1,0,,,,,
79,0,0.014,0.014,0,1,0,,,,,
80,0,0.048,0.048,0,1,0,,,,,
81,0,0.005,0.005,0,1,0,,,,,
82,0,0.058,0.058,0,1,0,,,,,
83,0,0.242,0.242,0,1,0,,,,,
84,1,0.087,-0.913,0,0,1,,,,,
85,0,0.279,0.279,0,1,0,,,,,
86,0,0.082,0.082,0,1,0,,,,,
87,0,0.022,0.022,0,1,0,,,,,
88,1,0.677,-0.323,1,1,0,,,,,
89,1,0.231,-0.769,0,0,1,,,,,
90,0,0.143,0.143,0,1,0,,,,,
91,0,0.208,0.208,0,1,0,,,,,
92,0,0.035,0.035,0,1,0,,,,,
93,0,0.014,0.014,0,1,0,,,,,
94,0,0.015,0.015,0,1,0,,,,,
95,0,0.006,0.006,0,1,0,,,,,
96,0,0.393,0.393,0,1,0,,,,,
97,1,0.884,-0.116,1,1,0,,,,,
98,0,0.271,0.271,0,1,0,,,,,
99,1,0.831,-0.169,1,1,0,,,,,
100,0,0.211,0.211,0,1,0,,,,,
101,0,0.222,0.222,0,1,0,,,,,
102,0,0.076,0.076,0,1,0,,,,,
103,0,0.062,0.062,0,1,0,,,,,
104,0,0.024,0.024,0,1,0,,,,,
105,0,0.47,0.47,0,1,0,,,,,
106,1,0.069,-0.931,0,0,1,,,,,
107,0,0.036,0.036,0,1,0,,,,,
108,0,0.21,0.21,0,1,0,,,,,
109,1,0.095,-0.905,0,0,1,,,,,
110,0,0.005,0.005,0,1,0,,,,,
111,0,0.009,0.009,0,1,0,,,,,
112,0,0.021,0.021,0,1,0,,,,,
113,0,0.231,0.231,0,1,0,,,,,
114,1,0.232,-0.768,0,0,1,,,,,
115,0,0.166,0.166,0,1,0,,,,,
116,0,0.062,0.062,0,1,0,,,,,
117,0,0.114,0.114,0,1,0,,,,,
118,0,0.048,0.048,0,1,0,,,,,
119,0,0.093,0.093,0,1,0,,,,,
120,0,0.843,0.843,1,0,0,,,,,
121,0,0.035,0.035,0,1,0,,,,,
122,1,0.888,-0.112,1,1,0,,,,,
123,0,0.061,0.061,0,1,0,,,,,
124,1,0.81,-0.19,1,1,0,,,,,
125,1,0.269,-0.731,0,0,1,,,,,
126,0,0.041,0.041,0,1,0,,,,,
127,0,0.076,0.076,0,1,0,,,,,
128,0,0.039,0.039,0,1,0,,,,,
129,0,0.154,0.154,0,1,0,,,,,
130,0,0.158,0.158,0,1,0,,,,,
131,0,0.036,0.036,0,1,0,,,,,
132,0,0.055,0.055,0,1,0,,,,,
133,0,0.112,0.112,0,1,0,,,,,
134,0,0.162,0.162,0,1,0,,,,,
135,0,0.039,0.039,0,1,0,,,,,
136,1,0.39,-0.61,0,0,1,,,,,
137,0,0.093,0.093,0,1,0,,,,,
138,0,0.01,0.01,0,1,0,,,,,
139,0,0.132,0.132,0,1,0,,,,,
140,0,0.006,0.006,0,1,0,,,,,
141,1,0.909,-0.091,1,1,0,,,,,
142,0,0.026,0.026,0,1,0,,,,,
143,0,0.201,0.201,0,1,0,,,,,
144,1,0.912,-0.088,1,1,0,,,,,
145,0,0.028,0.028,0,1,0,,,,,
146,0,0.097,0.097,0,1,0,,,,,
147,1,0.896,-0.104,1,1,0,,,,,
148,1,0.824,-0.176,1,1,0,,,,,
149,1,0.426,-0.574,0,0,1,,,,,
150,0,0.124,0.124,0,1,0,,,,,
151,1,0.659,-0.341,1,1,0,,,,,
152,1,0.342,-0.658,0,0,1,,,,,
153,0,0.022,0.022,0,1,0,,,,,
154,0,0.056,0.056,0,1,0,,,,,
155,0,0.01,0.01,0,1,0,,,,,
156,0,0.216,0.216,0,1,0,,,,,
157,0,0.119,0.119,0,1,0,,,,,
158,0,0.033,0.033,0,1,0,,,,,
159,0,0.082,0.082,0,1,0,,,,,
160,0,0.371,0.371,0,1,0,,,,,
161,1,0.818,-0.182,1,1,0,,,,,
162,1,0.196,-0.804,0,0,1,,,,,
163,0,0.062,0.062,0,1,0,,,,,
164,0,0.065,0.065,0,1,0,,,,,
165,0,0.037,0.037,0,1,0,,,,,
166,0,0.237,0.237,0,1,0,,,,,
167,0,0.084,0.084,0,1,0,,,,,
168,0,0.073,0.073,0,1,0,,,,,
169,1,0.291,-0.709,0,0,1,,,,,
170,0,0.008,0.008,0,1,0,,,,,
171,1,0.888,-0.112,1,1,0,,,,,
172,0,0.199,0.199,0,1,0,,,,,
173,0,0.464,0.464,0,1,0,,,,,
174,0,0.095,0.095,0,1,0,,,,,
175,0,0.045,0.045,0,1,0,,,,,
176,0,0.056,0.056,0,1,0,,,,,
177,0,0.083,0.083,0,1,0,,,,,
178,0,0.048,0.048,0,1,0,,,,,
179,0,0.004,0.004,0,1,0,,,,,
180,0,0.038,0.038,0,1,0,,,,,
181,0,0.387,0.387,0,1,0,,,,,
182,0,0.013,0.013,0,1,0,,,,,
183,0,0.183,0.183,0,1,0,,,,,
184,0,0.025,0.025,0,1,0,,,,,
185,1,0.162,-0.838,0,0,1,,,,,
186,1,0.342,-0.658,0,0,1,,,,,
187,0,0.214,0.214,0,1,0,,,,,
188,0,0.071,0.071,0,1,0,,,,,
189,0,0.005,0.005,0,1,0,,,,,
190,0,0.004,0.004,0,1,0,,,,,
191,0,0.145,0.145,0,1,0,,,,,
192,0,0.223,0.223,0,1,0,,,,,
193,1,0.039,-0.961,0,0,1,,,,,
194,0,0.102,0.102,0,1,0,,,,,
195,0,0.032,0.032,0,1,0,,,,,
196,0,0.252,0.252,0,1,0,,,,,
197,0,0.003,0.003,0,1,0,,,,,
198,0,0.02,0.02,0,1,0,,,,,
199,1,0.923,-0.077,1,1,0,,,,,
200,1,0.852,-0.148,1,1,0,,,,,
201,0,0.082,0.082,0,1,0,,,,,
202,0,0.176,0.176,0,1,0,,,,,
203,1,0.104,-0.896,0,0,1,,,,,
204,0,0.048,0.048,0,1,0,,,,,
205,0,0.436,0.436,0,1,0,,,,,
206,0,0.61,0.61,1,0,0,,,,,
207,0,0.056,0.056,0,1,0,,,,,
208,0,0.276,0.276,0,1,0,,,,,
209,0,0.199,0.199,0,1,0,,,,,
210,0,0.032,0.032,0,1,0,,,,,
211,0,0.409,0.409,0,1,0,,,,,
212,0,0.103,0.103,0,1,0,,,,,
213,0,0.072,0.072,0,1,0,,,,,
214,0,0.055,0.055,0,1,0,,,,,
215,0,0.082,0.082,0,1,0,,,,,
216,0,0.182,0.182,0,1,0,,,,,
217,1,0.017,-0.983,0,0,1,,,,,
218,0,0.045,0.045,0,1,0,,,,,
219,0,0.149,0.149,0,1,0,,,,,
220,0,0.003,0.003,0,1,0,,,,,
221,0,0.09,0.09,0,1,0,,,,,
222,0,0.397,0.397,0,1,0,,,,,
223,0,0.116,0.116,0,1,0,,,,,
224,1,0.513,-0.487,1,1,0,,,,,
225,0,0.852,0.852,1,0,0,,,,,
226,0,0.52,0.52,1,0,0,,,,,
227,1,0.309,-0.691,0,0,1,,,,,
228,0,0.276,0.276,0,1,0,,,,,
229,1,0.403,-0.597,0,0,1,,,,,
230,0,0.021,0.021,0,1,0,,,,,
231,1,0.696,-0.304,1,1,0,,,,,
232,0,0.223,0.223,0,1,0,,,,,
233,0,0.01,0.01,0,1,0,,,,,
234,0,0.107,0.107,0,1,0,,,,,
235,0,0.005,0.005,0,1,0,,,,,
236,0,0.219,0.219,0,1,0,,,,,
237,1,0.257,-0.743,0,0,1,,,,,
238,0,0.042,0.042,0,1,0,,,,,
239,0,0.042,0.042,0,1,0,,,,,
240,0,0.015,0.015,0,1,0,,,,,
241,1,0.903,-0.097,1,1,0,,,,,
242,0,0.017,0.017,0,1,0,,,,,
243,0,0.409,0.409,0,1,0,,,,,
244,0,0.277,0.277,0,1,0,,,,,
245,0,0.574,0.574,1,0,0,,,,,
246,0,0.033,0.033,0,1,0,,,,,
247,0,0.036,0.036,0,1,0,,,,,
248,0,0.396,0.396,0,1,0,,,,,
249,0,0.187,0.187,0,1,0,,,,,
250,0,0.012,0.012,0,1,0,,,,,
251,0,0.246,0.246,0,1,0,,,,,
252,1,0.244,-0.756,0,0,1,,,,,
253,0,0.496,0.496,0,1,0,,,,,
254,1,0.202,-0.798,0,0,1,,,,,
255,0,0.421,0.421,0,1,0,,,,,
256,0,0.098,0.098,0,1,0,,,,,
257,0,0.685,0.685,1,0,0,,,,,
258,0,0.154,0.154,0,1,0,,,,,
259,0,0.036,0.036,0,1,0,,,,,
260,0,0.079,0.079,0,1,0,,,,,
261,1,0.304,-0.696,0,0,1,,,,,
262,0,0.03,0.03,0,1,0,,,,,
263,0,0.267,0.267,0,1,0,,,,,
264,0,0.031,0.031,0,1,0,,,,,
265,0,0.132,0.132,0,1,0,,,,,
266,0,0.086,0.086,0,1,0,,,,,
267,0,0.023,0.023,0,1,0,,,,,
268,1,0.227,-0.773,0,0,1,,,,,
269,1,0.472,-0.528,0,0,1,,,,,
270,0,0.033,0.033,0,1,0,,,,,
271,0,0.006,0.006,0,1,0,,,,,
272,0,0.753,0.753,1,0,0,,,,,
273,1,0.126,-0.874,0,0,1,,,,,
274,0,0.064,0.064,0,1,0,,,,,
275,0,0.236,0.236,0,1,0,,,,,
276,0,0.219,0.219,0,1,0,,,,,
277,1,0.234,-0.766,0,0,1,,,,,
278,0,0.037,0.037,0,1,0,,,,,
279,0,0.003,0.003,0,1,0,,,,,
280,0,0.007,0.007,0,1,0,,,,,
281,0,0.118,0.118,0,1,0,,,,,
282,0,0.01,0.01,0,1,0,,,,,
283,0,0.257,0.257,0,1,0,,,,,
284,1,0.51,-0.49,1,1,0,,,,,
285,1,0.898,-0.102,1,1,0,,,,,
286,0,0.283,0.283,0,1,0,,,,,
287,0,0.035,0.035,0,1,0,,,,,
288,1,0.081,-0.919,0,0,1,,,,,
289,0,0.018,0.018,0,1,0,,,,,
290,0,0.191,0.191,0,1,0,,,,,
291,0,0.067,0.067,0,1,0,,,,,
292,0,0.151,0.151,0,1,0,,,,,
293,0,0.177,0.177,0,1,0,,,,,
294,0,0.018,0.018,0,1,0,,,,,
295,1,0.178,-0.822,0,0,1,,,,,
296,0,0.007,0.007,0,1,0,,,,,
297,1,0.656,-0.344,1,1,0,,,,,
298,1,0.911,-0.089,1,1,0,,,,,
299,0,0.061,0.061,0,1,0,,,,,
300,0,0.106,0.106,0,1,0,,,,,
301,0,0.025,0.025,0,1,0,,,,,
302,0,0.023,0.023,0,1,0,,,,,
303,1,0.929,-0.071,1,1,0,,,,,
304,0,0.065,0.065,0,1,0,,,,,
305,0,0.098,0.098,0,1,0,,,,,
306,1,0.646,-0.354,1,1,0,,,,,
307,0,0.109,0.109,0,1,0,,,,,
308,0,0.561,0.561,1,0,0,,,,,
309,0,0.13,0.13,0,1,0,,,,,
310,0,0.027,0.027,0,1,0,,,,,
311,0,0.163,0.163,0,1,0,,,,,
312,0,0.132,0.132,0,1,0,,,,,
313,0,0.038,0.038,0,1,0,,,,,
314,0,0.162,0.162,0,1,0,,,,,
315,0,0.137,0.137,0,1,0,,,,,
316,0,0.043,0.043,0,1,0,,,,,
317,0,0.088,0.088,0,1,0,,,,,
318,0,0.022,0.022,0,1,0,,,,,
319,0,0.319,0.319,0,1,0,,,,,
320,0,0.077,0.077,0,1,0,,,,,
321,0,0.022,0.022,0,1,0,,,,,
322,0,0.072,0.072,0,1,0,,,,,
323,1,0.197,-0.803,0,0,1,,,,,
324,0,0.046,0.046,0,1,0,,,,,
325,0,0.009,0.009,0,1,0,,,,,
326,0,0.014,0.014,0,1,0,,,,,
327,0,0.013,0.013,0,1,0,,,,,
328,0,0.009,0.009,0,1,0,,,,,
329,1,0.781,-0.219,1,1,0,,,,,
330,0,0.477,0.477,0,1,0,,,,,
331,1,0.481,-0.519,0,0,1,,,,,
332,1,0.067,-0.933,0,0,1,,,,,
333,0,0.274,0.274,0,1,0,,,,,
334,0,0.068,0.068,0,1,0,,,,,
335,0,0.219,0.219,0,1,0,,,,,
336,0,0.01,0.01,0,1,0,,,,,
337,0,0.123,0.123,0,1,0,,,,,
338,1,0.309,-0.691,0,0,1,,,,,
339,0,0.022,0.022,0,1,0,,,,,
340,0,0.006,0.006,0,1,0,,,,,
341,0,0.392,0.392,0,1,0,,,,,
342,0,0.076,0.076,0,1,0,,,,,
343,0,0.056,0.056,0,1,0,,,,,
344,0,0.022,0.022,0,1,0,,,,,
345,0,0.266,0.266,0,1,0,,,,,
346,0,0.22,0.22,0,1,0,,,,,
347,0,0.161,0.161,0,1,0,,,,,
348,0,0.021,0.021,0,1,0,,,,,
349,0,0.009,0.009,0,1,0,,,,,
350,0,0.174,0.174,0,1,0,,,,,
351,1,0.82,-0.18,1,1,0,,,,,
352,0,0.029,0.029,0,1,0,,,,,
353,0,0.055,0.055,0,1,0,,,,,
354,0,0.03,0.03,0,1,0,,,,,
355,1,0.383,-0.617,0,0,1,,,,,
356,0,0.229,0.229,0,1,0,,,,,
357,0,0.153,0.153,0,1,0,,,,,
358,1,0.813,-0.187,1,1,0,,,,,
359,0,0.149,0.149,0,1,0,,,,,
360,0,0.042,0.042,0,1,0,,,,,
361,0,0.017,0.017,0,1,0,,,,,
362,0,0.424,0.424,0,1,0,,,,,
363,0,0.06,0.06,0,1,0,,,,,
364,0,0.211,0.211,0,1,0,,,,,
365,0,0.137,0.137,0,1,0,,,,,
366,0,0.48,0.48,0,1,0,,,,,
367,0,0.385,0.385,0,1,0,,,,,
368,0,0.102,0.102,0,1,0,,,,,
369,0,0.125,0.125,0,1,0,,,,,
370,0,0.188,0.188,0,1,0,,,,,
371,0,0.274,0.274,0,1,0,,,,,
372,0,0.114,0.114,0,1,0,,,,,
373,0,0.008,0.008,0,1,0,,,,,
374,0,0.412,0.412,0,1,0,,,,,
375,0,0.198,0.198,0,1,0,,,,,
376,0,0.213,0.213,0,1,0,,,,,
377,1,0.781,-0.219,1,1,0,,,,,
378,0,0.35,0.35,0,1,0,,,,,
379,0,0.123,0.123,0,1,0,,,,,
380,0,0.11,0.11,0,1,0,,,,,
381,0,0.042,0.042,0,1,0,,,,,
382,0,0.005,0.005,0,1,0,,,,,
383,0,0.068,0.068,0,1,0,,,,,
384,0,0.121,0.121,0,1,0,,,,,
385,0,0.125,0.125,0,1,0,,,,,
386,0,0.025,0.025,0,1,0,,,,,
387,1,0.6,-0.4,1,1,0,,,,,
388,0,0.126,0.126,0,1,0,,,,,
389,0,0.026,0.026,0,1,0,,,,,
390,0,0.258,0.258,0,1,0,,,,,
391,0,0.172,0.172,0,1,0,,,,,
392,0,0.122,0.122,0,1,0,,,,,
393,0,0.121,0.121,0,1,0,,,,,
394,0,0.169,0.169,0,1,0,,,,,
395,0,0.006,0.006,0,1,0,,,,,
396,1,0.634,-0.366,1,1,0,,,,,
397,0,0.098,0.098,0,1,0,,,,,
398,1,0.836,-0.164,1,1,0,,,,,
399,0,0.168,0.168,0,1,0,,,,,
400,0,0.117,0.117,0,1,0,,,,,
401,1,0.088,-0.912,0,0,1,,,,,
402,0,0.618,0.618,1,0,0,,,,,
403,1,0.176,-0.824,0,0,1,,,,,
404,0,0.047,0.047,0,1,0,,,,,
405,1,0.956,-0.044,1,1,0,,,,,
406,0,0.012,0.012,0,1,0,,,,,
407,1,0.374,-0.626,0,0,1,,,,,
408,0,0.097,0.097,0,1,0,,,,,
409,1,0.523,-0.477,1,1,0,,,,,
410,1,0.909,-0.091,1,1,0,,,,,
411,0,0.234,0.234,0,1,0,,,,,
412,0,0.266,0.266,0,1,0,,,,,
413,0,0.049,0.049,0,1,0,,,,,
414,0,0.137,0.137,0,1,0,,,,,
415,1,0.264,-0.736,0,0,1,,,,,
416,0,0.612,0.612,1,0,0,,,,,
417,0,0.319,0.319,0,1,0,,,,,
418,1,0.09,-0.91,0,0,1,,,,,
419,0,0.101,0.101,0,1,0,,,,,
420,0,0.009,0.009,0,1,0,,,,,
421,0,0.161,0.161,0,1,0,,,,,
422,0,0.061,0.061,0,1,0,,,,,
423,0,0.07,0.07,0,1,0,,,,,
424,1,0.287,-0.713,0,0,1,,,,,
425,0,0.011,0.011,0,1,0,,,,,
426,0,0.213,0.213,0,1,0,,,,,
427,1,0.226,-0.774,0,0,1,,,,,
428,0,0.016,0.016,0,1,0,,,,,
429,0,0.128,0.128,0,1,0,,,,,
430,1,0.894,-0.106,1,1,0,,,,,
431,0,0.183,0.183,0,1,0,,,,,
432,0,0.043,0.043,0,1,0,,,,,
433,0,0.132,0.132,0,1,0,,,,,
434,0,0.065,0.065,0,1,0,,,,,
435,0,0.117,0.117,0,1,0,,,,,
436,0,0.09,0.09,0,1,0,,,,,
437,0,0.706,0.706,1,0,0,,,,,
438,0,0.102,0.102,0,1,0,,,,,
439,0,0.196,0.196,0,1,0,,,,,
440,0,0.217,0.217,0,1,0,,,,,
441,1,0.215,-0.785,0,0,1,,,,,
442,0,0.221,0.221,0,1,0,,,,,
443,0,0.306,0.306,0,1,0,,,,,
444,0,0.02,0.02,0,1,0,,,,,
445,0,0.262,0.262,0,1,0,,,,,
446,0,0.238,0.238,0,1,0,,,,,
447,0,0.198,0.198,0,1,0,,,,,
448,1,0.052,-0.948,0,0,1,,,,,
449,0,0.108,0.108,0,1,0,,,,,
450,0,0.023,0.023,0,1,0,,,,,
451,1,0.857,-0.143,1,1,0,,,,,
452,0,0.098,0.098,0,1,0,,,,,
453,0,0.05,0.05,0,1,0,,,,,
454,0,0.101,0.101,0,1,0,,,,,
455,1,0.975,-0.025,1,1,0,,,,,
456,0,0.27,0.27,0,1,0,,,,,
457,0,0.046,0.046,0,1,0,,,,,
458,1,0.836,-0.164,1,1,0,,,,,
459,1,0.293,-0.707,0,0,1,,,,,
460,0,0.003,0.003,0,1,0,,,,,
461,0,0.048,0.048,0,1,0,,,,,
462,0,0.335,0.335,0,1,0,,,,,
463,0,0.057,0.057,0,1,0,,,,,
464,1,0.93,-0.07,1,1,0,,,,,
465,0,0.204,0.204,0,1,0,,,,,
466,0,0.241,0.241,0,1,0,,,,,
467,0,0.142,0.142,0,1,0,,,,,
468,0,0.259,0.259,0,1,0,,,,,
469,1,0.889,-0.111,1,1,0,,,,,
470,0,0.41,0.41,0,1,0,,,,,
471,0,0.027,0.027,0,1,0,,,,,
472,0,0.173,0.173,0,1,0,,,,,
473,0,0.026,0.026,0,1,0,,,,,
474,0,0.01,0.01,0,1,0,,,,,
475,0,0.018,0.018,0,1,0,,,,,
476,0,0.265,0.265,0,1,0,,,,,
477,0,0.011,0.011,0,1,0,,,,,
478,0,0.343,0.343,0,1,0,,,,,
479,0,0.038,0.038,0,1,0,,,,,
480,0,0.067,0.067,0,1,0,,,,,
481,0,0.176,0.176,0,1,0,,,,,
482,1,0.757,-0.243,1,1,0,,,,,
483,0,0.01,0.01,0,1,0,,,,,
484,0,0.004,0.004,0,1,0,,,,,
485,0,0.086,0.086,0,1,0,,,,,
486,0,0.004,0.004,0,1,0,,,,,
487,0,0.046,0.046,0,1,0,,,,,
488,0,0.028,0.028,0,1,0,,,,,
489,1,0.379,-0.621,0,0,1,,,,,
490,0,0.025,0.025,0,1,0,,,,,
491,0,0.715,0.715,1,0,0,,,,,
492,1,0.955,-0.045,1,1,0,,,,,
493,1,0.477,-0.523,0,0,1,,,,,
494,0,0.018,0.018,0,1,0,,,,,
495,0,0.154,0.154,0,1,0,,,,,
496,1,0.652,-0.348,1,1,0,,,,,
497,0,0.303,0.303,0,1,0,,,,,
498,0,0.123,0.123,0,1,0,,,,,
499,0,0.186,0.186,0,1,0,,,,,
500,1,0.958,-0.042,1,1,0,,,,,
501,0,0.239,0.239,0,1,0,,,,,
502,0,0.111,0.111,0,1,0,,,,,
503,0,0.044,0.044,0,1,0,,,,,
504,1,0.54,-0.46,1,1,0,,,,,
505,0,0.238,0.238,0,1,0,,,,,
506,0,0.121,0.121,0,1,0,,,,,
507,1,0.706,-0.294,1,1,0,,,,,
508,0,0.38,0.38,0,1,0,,,,,
509,0,0.764,0.764,1,0,0,,,,,
510,0,0.049,0.049,0,1,0,,,,,
511,0,0.031,0.031,0,1,0,,,,,
512,0,0.093,0.093,0,1,0,,,,,
513,0,0.196,0.196,0,1,0,,,,,
514,0,0.087,0.087,0,1,0,,,,,
515,0,0.289,0.289,0,1,0,,,,,
516,0,0.007,0.007,0,1,0,,,,,
517,1,0.759,-0.241,1,1,0,,,,,
518,0,0.04,0.04,0,1,0,,,,,
519,0,0.46,0.46,0,1,0,,,,,
520,0,0.068,0.068,0,1,0,,,,,
521,0,0.257,0.257,0,1,0,,,,,
522,1,0.695,-0.305,1,1,0,,,,,
523,1,0.838,-0.162,1,1,0,,,,,
524,0,0.01,0.01,0,1,0,,,,,
525,0,0.084,0.084,0,1,0,,,,,
526,0,0.02,0.02,0,1,0,,,,,
527,1,0.881,-0.119,1,1,0,,,,,
528,0,0.085,0.085,0,1,0,,,,,
529,0,0.021,0.021,0,1,0,,,,,
530,0,0.068,0.068,0,1,0,,,,,
531,0,0.024,0.024,0,1,0,,,,,
532,0,0.009,0.009,0,1,0,,,,,
533,0,0.051,0.051,0,1,0,,,,,
534,0,0.67,0.67,1,0,0,,,,,
535,0,0.1,0.1,0,1,0,,,,,
536,0,0.167,0.167,0,1,0,,,,,
537,1,0.549,-0.451,1,1,0,,,,,
538,1,0.699,-0.301,1,1,0,,,,,
539,0,0.065,0.065,0,1,0,,,,,
540,0,0.008,0.008,0,1,0,,,,,
541,0,0.02,0.02,0,1,0,,,,,
542,0,0.072,0.072,0,1,0,,,,,
543,1,0.334,-0.666,0,0,1,,,,,
544,0,0.214,0.214,0,1,0,,,,,
545,0,0.506,0.506,1,0,0,,,,,
546,0,0.221,0.221,0,1,0,,,,,
547,1,0.153,-0.847,0,0,1,,,,,
548,0,0.004,0.004,0,1,0,,,,,
549,0,0.163,0.163,0,1,0,,,,,
550,1,0.888,-0.112,1,1,0,,,,,
551,0,0.275,0.275,0,1,0,,,,,
552,0,0.039,0.039,0,1,0,,,,,
553,0,0.155,0.155,0,1,0,,,,,
554,1,0.44,-0.56,0,0,1,,,,,
555,0,0.01,0.01,0,1,0,,,,,
556,1,0.675,-0.325,1,1,0,,,,,
557,1,0.765,-0.235,1,1,0,,,,,
558,0,0.013,0.013,0,1,0,,,,,
559,1,0.644,-0.356,1,1,0,,,,,
560,0,0.206,0.206,0,1,0,,,,,
561,0,0.07,0.07,0,1,0,,,,,
562,0,0.354,0.354,0,1,0,,,,,
563,0,0.316,0.316,0,1,0,,,,,
564,0,0.031,0.031,0,1,0,,,,,
565,0,0.131,0.131,0,1,0,,,,,
566,0,0.278,0.278,0,1,0,,,,,
567,0,0.01,0.01,0,1,0,,,,,
568,0,0.407,0.407,0,1,0,,,,,
569,0,0.269,0.269,0,1,0,,,,,
570,1,0.274,-0.726,0,0,1,,,,,
571,0,0.028,0.028,0,1,0,,,,,
572,0,0.21,0.21,0,1,0,,,,,
573,1,0.986,-0.014,1,1,0,,,,,
574,1,0.115,-0.885,0,0,1,,,,,
575,1,0.376,-0.624,0,0,1,,,,,
576,0,0.016,0.016,0,1,0,,,,,
577,0,0.005,0.005,0,1,0,,,,,
578,0,0.107,0.107,0,1,0,,,,,
579,0,0.043,0.043,0,1,0,,,,,
580,0,0.134,0.134,0,1,0,,,,,
581,0,0.03,0.03,0,1,0,,,,,
582,0,0.231,0.231,0,1,0,,,,,
583,0,0.064,0.064,0,1,0,,,,,
584,0,0.146,0.146,0,1,0,,,,,
585,0,0.05,0.05,0,1,0,,,,,
586,0,0.164,0.164,0,1,0,,,,,
587,1,0.607,-0.393,1,1,0,,,,,
588,1,0.423,-0.577,0,0,1,,,,,
589,0,0.106,0.106,0,1,0,,,,,
590,0,0.353,0.353,0,1,0,,,,,
591,0,0.05,0.05,0,1,0,,,,,
592,0,0.125,0.125,0,1,0,,,,,
593,1,0.243,-0.757,0,0,1,,,,,
594,0,0.006,0.006,0,1,0,,,,,
595,0,0.017,0.017,0,1,0,,,,,
596,0,0.081,0.081,0,1,0,,,,,
597,0,0.049,0.049,0,1,0,,,,,
598,1,0.915,-0.085,1,1,0,,,,,
599,0,0.055,0.055,0,1,0,,,,,
600,0,0.172,0.172,0,1,0,,,,,
601,0,0.01,0.01,0,1,0,,,,,
602,0,0.044,0.044,0,1,0,,,,,
603,0,0.124,0.124,0,1,0,,,,,
604,0,0.003,0.003,0,1,0,,,,,
605,0,0.191,0.191,0,1,0,,,,,
606,1,0.171,-0.829,0,0,1,,,,,
607,0,0.07,0.07,0,1,0,,,,,
608,0,0.178,0.178,0,1,0,,,,,
609,0,0.144,0.144,0,1,0,,,,,
610,0,0.132,0.132,0,1,0,,,,,
611,0,0.208,0.208,0,1,0,,,,,
612,0,0.011,0.011,0,1,0,,,,,
613,0,0.026,0.026,0,1,0,,,,,
614,0,0.007,0.007,0,1,0,,,,,
615,0,0.053,0.053,0,1,0,,,,,
616,0,0.016,0.016,0,1,0,,,,,
617,0,0.028,0.028,0,1,0,,,,,
618,0,0.577,0.577,1,0,0,,,,,
619,0,0.003,0.003,0,1,0,,,,,
620,0,0.083,0.083,0,1,0,,,,,
621,0,0.035,0.035,0,1,0,,,,,
622,1,0.386,-0.614,0,0,1,,,,,
623,1,0.416,-0.584,0,0,1,,,,,
624,0,0.098,0.098,0,1,0,,,,,
625,0,0.136,0.136,0,1,0,,,,,
626,0,0.079,0.079,0,1,0,,,,,
627,1,0.146,-0.854,0,0,1,,,,,
628,0,0.064,0.064,0,1,0,,,,,
629,0,0.183,0.183,0,1,0,,,,,
630,0,0.03,0.03,0,1,0,,,,,
631,0,0.005,0.005,0,1,0,,,,,
632,0,0.081,0.081,0,1,0,,,,,
633,0,0.016,0.016,0,1,0,,,,,
634,0,0.01,0.01,0,1,0,,,,,
635,1,0.816,-0.184,1,1,0,,,,,
636,0,0.279,0.279,0,1,0,,,,,
637,0,0.451,0.451,0,1,0,,,,,
638,1,0.153,-0.847,0,0,1,,,,,
639,1,0.723,-0.277,1,1,0,,,,,
640,0,0.112,0.112,0,1,0,,,,,
641,0,0.026,0.026,0,1,0,,,,,
642,0,0.1,0.1,0,1,0,,,,,
643,0,0.062,0.062,0,1,0,,,,,
644,1,0.592,-0.408,1,1,0,,,,,
645,0,0.369,0.369,0,1,0,,,,,
646,0,0.016,0.016,0,1,0,,,,,
647,0,0.009,0.009,0,1,0,,,,,
648,0,0.086,0.086,0,1,0,,,,,
649,0,0.132,0.132,0,1,0,,,,,
650,0,0.016,0.016,0,1,0,,,,,
651,0,0.113,0.113,0,1,0,,,,,
652,0,0.177,0.177,0,1,0,,,,,
653,0,0.051,0.051,0,1,0,,,,,
654,0,0.02,0.02,0,1,0,,,,,
655,0,0.104,0.104,0,1,0,,,,,
656,1,0.06,-0.94,0,0,1,,,,,
657,1,0.263,-0.737,0,0,1,,,,,
658,0,0.079,0.079,0,1,0,,,,,
659,0,0.065,0.065,0,1,0,,,,,
660,0,0.038,0.038,0,1,0,,,,,
661,0,0.046,0.046,0,1,0,,,,,
662,1,0.927,-0.073,1,1,0,,,,,
663,0,0.015,0.015,0,1,0,,,,,
664,0,0.008,0.008,0,1,0,,,,,
665,0,0.668,0.668,1,0,0,,,,,
666,0,0.019,0.019,0,1,0,,,,,
667,0,0.047,0.047,0,1,0,,,,,
668,0,0.188,0.188,0,1,0,,,,,
669,0,0.16,0.16,0,1,0,,,,,
670,0,0.187,0.187,0,1,0,,,,,
671,0,0.389,0.389,0,1,0,,,,,
672,0,0.19,0.19,0,1,0,,,,,
673,0,0.093,0.093,0,1,0,,,,,
674,1,0.133,-0.867,0,0,1,,,,,
675,0,0.014,0.014,0,1,0,,,,,
676,0,0.415,0.415,0,1,0,,,,,
677,0,0.592,0.592,1,0,0,,,,,
678,0,0.08,0.08,0,1,0,,,,,
679,0,0.225,0.225,0,1,0,,,,,
680,1,0.879,-0.121,1,1,0,,,,,
681,0,0.022,0.022,0,1,0,,,,,
682,1,0.185,-0.815,0,0,1,,,,,
683,0,0.118,0.118,0,1,0,,,,,
684,0,0.084,0.084,0,1,0,,,,,
685,1,0.609,-0.391,1,1,0,,,,,
686,0,0.048,0.048,0,1,0,,,,,
687,0,0.595,0.595,1,0,0,,,,,
688,0,0.131,0.131,0,1,0,,,,,
689,1,0.488,-0.512,0,0,1,,,,,
690,0,0.018,0.018,0,1,0,,,,,
691,0,0.122,0.122,0,1,0,,,,,
692,0,0.028,0.028,0,1,0,,,,,
693,0,0.087,0.087,0,1,0,,,,,
694,0,0.117,0.117,0,1,0,,,,,
695,0,0.039,0.039,0,1,0,,,,,
696,0,0.259,0.259,0,1,0,,,,,
697,0,0.318,0.318,0,1,0,,,,,
698,0,0.036,0.036,0,1,0,,,,,
699,0,0.024,0.024,0,1,0,,,,,
700,0,0.092,0.092,0,1,0,,,,,
701,0,0.004,0.004,0,1,0,,,,,
702,1,0.473,-0.527,0,0,1,,,,,
703,1,0.674,-0.326,1,1,0,,,,,
704,0,0.433,0.433,0,1,0,,,,,
705,0,0.016,0.016,0,1,0,,,,,
706,0,0.013,0.013,0,1,0,,,,,
707,0,0.025,0.025,0,1,0,,,,,
708,0,0.082,0.082,0,1,0,,,,,
709,0,0.115,0.115,0,1,0,,,,,
710,0,0.067,0.067,0,1,0,,,,,
711,1,0.693,-0.307,1,1,0,,,,,
712,0,0.311,0.311,0,1,0,,,,,
713,0,0.008,0.008,0,1,0,,,,,
714,0,0.019,0.019,0,1,0,,,,,
715,0,0.031,0.031,0,1,0,,,,,
716,0,0.086,0.086,0,1,0,,,,,
717,0,0.078,0.078,0,1,0,,,,,
718,0,0.143,0.143,0,1,0,,,,,
719,0,0.009,0.009,0,1,0,,,,,
720,0,0.074,0.074,0,1,0,,,,,
721,1,0.197,-0.803,0,0,1,,,,,
722,0,0.146,0.146,0,1,0,,,,,
723,0,0.125,0.125,0,1,0,,,,,
724,1,0.74,-0.26,1,1,0,,,,,
725,0,0.033,0.033,0,1,0,,,,,
726,0,0.301,0.301,0,1,0,,,,,
727,0,0.007,0.007,0,1,0,,,,,
728,0,0.073,0.073,0,1,0,,,,,
729,1,0.562,-0.438,1,1,0,,,,,
730,1,0.136,-0.864,0,0,1,,,,,
731,0,0.146,0.146,0,1,0,,,,,
732,1,0.102,-0.898,0,0,1,,,,,
733,1,0.284,-0.716,0,0,1,,,,,
734,0,0.072,0.072,0,1,0,,,,,
735,0,0.018,0.018,0,1,0,,,,,
736,0,0.057,0.057,0,1,0,,,,,
737,0,0.1,0.1,0,1,0,,,,,
738,0,0.021,0.021,0,1,0,,,,,
739,0,0.612,0.612,1,0,0,,,,,
740,0,0.186,0.186,0,1,0,,,,,
741,0,0.564,0.564,1,0,0,,,,,
742,0,0.16,0.16,0,1,0,,,,,
743,1,0.096,-0.904,0,0,1,,,,,
744,0,0.085,0.085,0,1,0,,,,,
745,0,0.017,0.017,0,1,0,,,,,
746,1,0.574,-0.426,1,1,0,,,,,
747,0,0.043,0.043,0,1,0,,,,,
748,1,0.855,-0.145,1,1,0,,,,,
749,0,0.066,0.066,0,1,0,,,,,
750,0,0.019,0.019,0,1,0,,,,,
751,0,0.036,0.036,0,1,0,,,,,
752,1,0.275,-0.725,0,0,1,,,,,
753,0,0.022,0.022,0,1,0,,,,,
754,0,0.243,0.243,0,1,0,,,,,
755,0,0.044,0.044,0,1,0,,,,,
756,0,0.008,0.008,0,1,0,,,,,
757,0,0.251,0.251,0,1,0,,,,,
758,1,0.864,-0.136,1,1,0,,,,,
759,0,0.026,0.026,0,1,0,,,,,
760,0,0.015,0.015,0,1,0,,,,,
761,0,0.006,0.006,0,1,0,,,,,
762,1,0.884,-0.116,1,1,0,,,,,
763,0,0.06,0.06,0,1,0,,,,,
764,0,0.012,0.012,0,1,0,,,,,
765,0,0.127,0.127,0,1,0,,,,,
766,0,0.129,0.129,0,1,0,,,,,
767,0,0.127,0.127,0,1,0,,,,,
768,0,0.124,0.124,0,1,0,,,,,
769,0,0.011,0.011,0,1,0,,,,,
770,0,0.028,0.028,0,1,0,,,,,
771,0,0.051,0.051,0,1,0,,,,,
772,0,0.063,0.063,0,1,0,,,,,
773,0,0.072,0.072,0,1,0,,,,,
774,0,0.026,0.026,0,1,0,,,,,
775,1,0.901,-0.099,1,1,0,,,,,
776,1,0.066,-0.934,0,0,1,,,,,
777,0,0.01,0.01,0,1,0,,,,,
778,0,0.168,0.168,0,1,0,,,,,
779,0,0.128,0.128,0,1,0,,,,,
780,1,0.329,-0.671,0,0,1,,,,,
781,1,0.809,-0.191,1,1,0,,,,,
782,0,0.154,0.154,0,1,0,,,,,
783,0,0.075,0.075,0,1,0,,,,,
784,1,0.813,-0.187,1,1,0,,,,,
785,0,0.133,0.133,0,1,0,,,,,
786,0,0.423,0.423,0,1,0,,,,,
787,1,0.736,-0.264,1,1,0,,,,,
788,0,0.002,0.002,0,1,0,,,,,
789,0,0.094,0.094,0,1,0,,,,,
790,1,0.873,-0.127,1,1,0,,,,,
791,0,0.014,0.014,0,1,0,,,,,
792,0,0.033,0.033,0,1,0,,,,,
793,0,0.145,0.145,0,1,0,,,,,
794,0,0.287,0.287,0,1,0,,,,,
795,0,0.061,0.061,0,1,0,,,,,
796,0,0.348,0.348,0,1,0,,,,,
797,0,0.016,0.016,0,1,0,,,,,
798,0,0.189,0.189,0,1,0,,,,,
799,0,0.083,0.083,0,1,0,,,,,
800,0,0.04,0.04,0,1,0,,,,,
801,1,0.924,-0.076,1,1,0,,,,,
802,1,0.759,-0.241,1,1,0,,,,,
803,0,0.18,0.18,0,1,0,,,,,
804,1,0.712,-0.288,1,1,0,,,,,
805,0,0.031,0.031,0,1,0,,,,,
806,0,0.143,0.143,0,1,0,,,,,
807,0,0.008,0.008,0,1,0,,,,,
808,0,0.034,0.034,0,1,0,,,,,
809,0,0.061,0.061,0,1,0,,,,,
810,0,0.019,0.019,0,1,0,,,,,
811,0,0.006,0.006,0,1,0,,,,,
812,0,0.097,0.097,0,1,0,,,,,
813,0,0.129,0.129,0,1,0,,,,,
814,1,0.767,-0.233,1,1,0,,,,,
815,0,0.113,0.113,0,1,0,,,,,
816,0,0.437,0.437,0,1,0,,,,,
817,0,0.176,0.176,0,1,0,,,,,
818,1,0.912,-0.088,1,1,0,,,,,
819,1,0.187,-0.813,0,0,1,,,,,
820,0,0.02,0.02,0,1,0,,,,,
821,1,0.459,-0.541,0,0,1,,,,,
822,0,0.011,0.011,0,1,0,,,,,
823,0,0.016,0.016,0,1,0,,,,,
824,1,0.04,-0.96,0,0,1,,,,,
825,0,0.039,0.039,0,1,0,,,,,
826,0,0.019,0.019,0,1,0,,,,,
827,0,0.02,0.02,0,1,0,,,,,
828,0,0.01,0.01,0,1,0,,,,,
829,0,0.017,0.017,0,1,0,,,,,
830,0,0.073,0.073,0,1,0,,,,,
831,0,0.27,0.27,0,1,0,,,,,
832,0,0.091,0.091,0,1,0,,,,,
833,1,0.91,-0.09,1,1,0,,,,,
834,0,0.024,0.024,0,1,0,,,,,
835,1,0.274,-0.726,0,0,1,,,,,
836,0,0.089,0.089,0,1,0,,,,,
837,0,0.021,0.021,0,1,0,,,,,
838,0,0.039,0.039,0,1,0,,,,,
839,1,0.388,-0.612,0,0,1,,,,,
840,1,0.057,-0.943,0,0,1,,,,,
841,0,0.184,0.184,0,1,0,,,,,
842,0,0.007,0.007,0,1,0,,,,,
843,0,0.534,0.534,1,0,0,,,,,
844,0,0.178,0.178,0,1,0,,,,,
845,0,0.145,0.145,0,1,0,,,,,
846,0,0.435,0.435,0,1,0,,,,,
847,1,0.634,-0.366,1,1,0,,,,,
848,0,0.017,0.017,0,1,0,,,,,
849,0,0.029,0.029,0,1,0,,,,,
850,0,0.049,0.049,0,1,0,,,,,
851,0,0.049,0.049,0,1,0,,,,,
852,1,0.276,-0.724,0,0,1,,,,,
853,0,0.284,0.284,0,1,0,,,,,
854,0,0.11,0.11,0,1,0,,,,,
855,0,0.051,0.051,0,1,0,,,,,
856,0,0.003,0.003,0,1,0,,,,,
857,0,0.007,0.007,0,1,0,,,,,
858,1,0.923,-0.077,1,1,0,,,,,
859,1,0.043,-0.957,0,0,1,,,,,
860,0,0.267,0.267,0,1,0,,,,,
861,0,0.223,0.223,0,1,0,,,,,
862,0,0.05,0.05,0,1,0,,,,,
863,0,0.217,0.217,0,1,0,,,,,
864,0,0.459,0.459,0,1,0,,,,,
865,0,0.008,0.008,0,1,0,,,,,
866,0,0.173,0.173,0,1,0,,,,,
867,1,0.892,-0.108,1,1,0,,,,,
868,0,0.007,0.007,0,1,0,,,,,
869,0,0.185,0.185,0,1,0,,,,,
870,0,0.113,0.113,0,1,0,,,,,
871,1,0.535,-0.465,1,1,0,,,,,
872,1,0.95,-0.05,1,1,0,,,,,
873,1,0.197,-0.803,0,0,1,,,,,
874,0,0.009,0.009,0,1,0,,,,,
875,0,0.096,0.096,0,1,0,,,,,
876,0,0.118,0.118,0,1,0,,,,,
877,0,0.059,0.059,0,1,0,,,,,
878,0,0.528,0.528,1,0,0,,,,,
879,0,0.116,0.116,0,1,0,,,,,
880,0,0.148,0.148,0,1,0,,,,,
881,0,0.029,0.029,0,1,0,,,,,
882,0,0.361,0.361,0,1,0,,,,,
883,1,0.877,-0.123,1,1,0,,,,,
884,1,0.107,-0.893,0,0,1,,,,,
885,0,0.05,0.05,0,1,0,,,,,
886,1,0.468,-0.532,0,0,1,,,,,
887,0,0.549,0.549,1,0,0,,,,,
888,0,0.104,0.104,0,1,0,,,,,
889,0,0.032,0.032,0,1,0,,,,,
890,0,0.307,0.307,0,1,0,,,,,
891,0,0.029,0.029,0,1,0,,,,,
892,0,0.003,0.003,0,1,0,,,,,
893,1,0.073,-0.927,0,0,1,,,,,
894,0,0.103,0.103,0,1,0,,,,,
895,0,0.004,0.004,0,1,0,,,,,
896,0,0.251,0.251,0,1,0,,,,,
897,0,0.248,0.248,0,1,0,,,,,
898,0,0.1,0.1,0,1,0,,,,,
899,1,0.608,-0.392,1,1,0,,,,,
900,1,0.068,-0.932,0,0,1,,,,,
901,1,0.37,-0.63,0,0,1,,,,,
902,0,0.224,0.224,0,1,0,,,,,
903,0,0.077,0.077,0,1,0,,,,,
904,0,0.007,0.007,0,1,0,,,,,
905,0,0.007,0.007,0,1,0,,,,,
906,1,0.22,-0.78,0,0,1,,,,,
907,0,0.064,0.064,0,1,0,,,,,
908,0,0.194,0.194,0,1,0,,,,,
909,0,0.104,0.104,0,1,0,,,,,
910,0,0.01,0.01,0,1,0,,,,,
911,0,0.034,0.034,0,1,0,,,,,
912,0,0.056,0.056,0,1,0,,,,,
913,0,0.228,0.228,0,1,0,,,,,
914,0,0.232,0.232,0,1,0,,,,,
915,0,0.154,0.154,0,1,0,,,,,
916,0,0.06,0.06,0,1,0,,,,,
917,1,0.807,-0.193,1,1,0,,,,,
918,0,0.127,0.127,0,1,0,,,,,
919,0,0.148,0.148,0,1,0,,,,,
920,0,0.02,0.02,0,1,0,,,,,
921,0,0.01,0.01,0,1,0,,,,,
922,0,0.306,0.306,0,1,0,,,,,
923,0,0.007,0.007,0,1,0,,,,,
924,0,0.127,0.127,0,1,0,,,,,
925,0,0.164,0.164,0,1,0,,,,,
926,0,0.009,0.009,0,1,0,,,,,
927,0,0.025,0.025,0,1,0,,,,,
928,0,0.45,0.45,0,1,0,,,,,
929,0,0.278,0.278,0,1,0,,,,,
930,0,0.206,0.206,0,1,0,,,,,
931,0,0.311,0.311,0,1,0,,,,,
932,1,0.856,-0.144,1,1,0,,,,,
933,0,0.115,0.115,0,1,0,,,,,
934,0,0.121,0.121,0,1,0,,,,,
935,0,0.37,0.37,0,1,0,,,,,
936,0,0.35,0.35,0,1,0,,,,,
937,0,0.069,0.069,0,1,0,,,,,
938,0,0.087,0.087,0,1,0,,,,,
939,0,0.076,0.076,0,1,0,,,,,
940,0,0.285,0.285,0,1,0,,,,,
941,0,0.148,0.148,0,1,0,,,,,
942,0,0.108,0.108,0,1,0,,,,,
943,0,0.335,0.335,0,1,0,,,,,
944,0,0.568,0.568,1,0,0,,,,,
945,0,0.075,0.075,0,1,0,,,,,
946,0,0.046,0.046,0,1,0,,,,,
947,0,0.784,0.784,1,0,0,,,,,
948,0,0.02,0.02,0,1,0,,,,,
949,0,0.083,0.083,0,1,0,,,,,
950,0,0.379,0.379,0,1,0,,,,,
951,0,0.121,0.121,0,1,0,,,,,
952,0,0.052,0.052,0,1,0,,,,,
953,0,0.1,0.1,0,1,0,,,,,
954,0,0.118,0.118,0,1,0,,,,,
955,1,0.027,-0.973,0,0,1,,,,,
956,0,0.053,0.053,0,1,0,,,,,
957,0,0.322,0.322,0,1,0,,,,,
958,1,0.925,-0.075,1,1,0,,,,,
959,0,0.053,0.053,0,1,0,,,,,
960,0,0.014,0.014,0,1,0,,,,,
961,0,0.037,0.037,0,1,0,,,,,
962,0,0.049,0.049,0,1,0,,,,,
963,0,0.098,0.098,0,1,0,,,,,
964,0,0.02,0.02,0,1,0,,,,,
965,1,0.289,-0.711,0,0,1,,,,,
966,0,0.012,0.012,0,1,0,,,,,
967,0,0.701,0.701,1,0,0,,,,,
968,0,0.058,0.058,0,1,0,,,,,
969,1,0.826,-0.174,1,1,0,,,,,
970,1,0.498,-0.502,0,0,1,,,,,
971,0,0.035,0.035,0,1,0,,,,,
972,0,0.068,0.068,0,1,0,,,,,
973,0,0.07,0.07,0,1,0,,,,,
974,0,0.213,0.213,0,1,0,,,,,
975,1,0.87,-0.13,1,1,0,,,,,
976,0,0.26,0.26,0,1,0,,,,,
977,0,0.5,0.5,1,0,0,,,,,
978,0,0.417,0.417,0,1,0,,,,,
979,0,0.112,0.112,0,1,0,,,,,
980,1,0.168,-0.832,0,0,1,,,,,
981,0,0.075,0.075,0,1,0,,,,,
982,0,0.452,0.452,0,1,0,,,,,
983,0,0.069,0.069,0,1,0,,,,,
984,0,0.065,0.065,0,1,0,,,,,
985,0,0.073,0.073,0,1,0,,,,,
986,1,0.127,-0.873,0,0,1,,,,,
987,0,0.011,0.011,0,1,0,,,,,
988,0,0.109,0.109,0,1,0,,,,,
989,0,0.005,0.005,0,1,0,,,,,
990,0,0.011,0.011,0,1,0,,,,,
991,0,0.02,0.02,0,1,0,,,,,
992,0,0.27,0.27,0,1,0,,,,,
993,0,0.259,0.259,0,1,0,,,,,
994,0,0.199,0.199,0,1,0,,,,,
995,0,0.063,0.063,0,1,0,,,,,
996,0,0.034,0.034,0,1,0,,,,,
997,0,0.219,0.219,0,1,0,,,,,
998,1,0.164,-0.836,0,0,1,,,,,
999,0,0.019,0.019,0,1,0,,,,,
1000,0,0.146,0.146,0,1,0,,,,,