RowNumber,CustomerId,CreditScore,France,Spain,Germany,Gender,Age,Tenure,Balance,NumOfProducts,HasCrCard,IsActiveMember,EstimatedSalary,Exited
7500,15790113,609,0,0,1,0,71,6,113317.1,1,1,0,108258.22,1
2890,15630402,594,1,0,0,0,31,9,0,1,0,1,5719.11,0
3412,15815628,711,1,0,0,0,37,8,113899.92,1,0,0,80215.2,0
6443,15719212,491,1,0,0,1,33,5,83134.3,1,1,0,187946.55,0
2703,15670172,622,1,0,0,0,30,4,107879.04,1,0,1,196894.62,0
6549,15627848,683,1,0,0,1,38,7,109346.13,2,1,0,102665.92,0
4149,15758306,654,1,0,0,1,32,6,0,2,1,1,137898.57,0
9910,15773338,739,1,0,0,1,58,2,101579.28,1,1,1,72168.53,0
2964,15718071,655,1,0,0,0,51,3,0,2,0,1,15801.02,0
1708,15732832,707,1,0,0,0,40,5,0,2,1,0,41052.82,0
9693,15693690,574,0,1,0,1,52,7,115532.52,1,1,0,196257.67,0
3886,15618255,642,0,0,1,0,56,6,103244.86,2,1,0,143049.72,1
9146,15621768,712,0,1,0,1,45,6,112994.65,1,0,0,198398.68,0
476,15591986,621,0,0,1,1,46,6,141078.37,1,0,0,34580.8,1
3377,15721582,644,0,0,1,0,40,4,77270.08,2,1,1,115800.1,1
9514,15566378,515,1,0,0,1,48,5,129387.94,1,0,1,147955.91,1
5409,15638257,682,0,1,0,0,54,0,83102.72,2,1,1,54132.93,0
5774,15643426,523,0,1,0,0,36,8,113680.54,1,0,0,13197.44,0
4657,15654489,843,1,0,0,0,38,8,134887.53,1,1,1,10804.04,0
4271,15741275,623,1,0,0,0,57,7,71481.79,2,1,1,84421.34,0
5985,15640667,662,1,0,0,0,41,4,0,2,1,0,126551.48,0
717,15677369,554,0,0,1,0,37,4,58629.97,1,0,0,182038.6,0
2985,15694946,663,1,0,0,1,35,9,0,2,1,1,195580.28,0
3612,15734246,746,1,0,0,0,21,8,166883.07,2,0,1,194563.65,0
8750,15701238,683,1,0,0,1,47,1,0,2,1,0,148989.15,0
4589,15761720,422,1,0,0,1,41,6,153238.88,1,1,0,11663.09,0
2992,15699284,584,1,0,0,1,49,8,172713.44,1,1,0,113860.81,0
4391,15674328,670,1,0,0,0,40,3,47364.45,1,1,1,148579.43,1
6353,15646632,741,1,0,0,1,38,9,0,2,1,0,14379.01,0
659,15568595,544,1,0,0,1,64,9,113829.45,1,1,1,124341.49,0
6134,15620735,667,0,0,1,0,33,4,127076.68,2,1,0,69011.66,0
1540,15797686,558,1,0,0,1,38,8,113000.92,1,1,1,152872.39,0
937,15613630,775,1,0,0,1,52,8,109922.61,1,1,1,96823.32,1
7289,15672637,571,1,0,0,0,30,4,85755.86,1,1,0,145115.95,0
2451,15679294,589,1,0,0,0,46,10,107238.85,2,1,0,37024.28,0
5824,15573628,751,0,0,1,0,51,7,148074.79,1,1,0,146411.41,1
4197,15796910,625,0,1,0,0,57,7,0,1,0,0,84106.17,1
1883,15707114,831,1,0,0,1,30,2,0,2,0,1,3430.38,0
8653,15787204,774,0,1,0,0,43,1,110646.54,1,0,0,108804.28,0
8401,15632069,776,1,0,0,1,39,8,125211.55,2,1,0,144496.07,0
2971,15595228,815,1,0,0,1,45,7,0,1,0,1,52885.23,1
6687,15641285,621,0,1,0,1,50,3,163085.79,1,0,1,131048.36,0
2527,15727919,671,0,1,0,0,29,6,0,2,0,0,12048.67,0
4506,15628583,709,1,0,0,0,30,5,0,2,0,1,161388.22,0
7507,15700300,674,0,0,1,0,44,4,131593.85,1,0,1,171345.02,1
3819,15740147,725,1,0,0,0,44,10,0,1,0,1,93777.61,0
3937,15761102,707,0,1,0,0,32,4,132835.56,1,0,0,136877.24,0
979,15799515,652,1,0,0,0,48,8,133297.24,1,1,0,77764.37,0
7696,15629985,723,0,0,1,0,47,10,90450,2,0,0,103379.31,1
7611,15615670,762,1,0,0,1,36,5,119547.46,1,1,1,42693.65,0
3827,15751774,774,1,0,0,1,76,4,112510.89,1,1,1,143133.18,0
6099,15803005,570,0,0,1,0,57,5,86568.75,1,0,1,103660.31,0
5528,15689602,698,1,0,0,1,38,2,130015.24,1,1,1,41595.3,0
7472,15721569,658,0,0,1,0,55,8,119327.93,1,0,1,119439.66,0
2331,15806332,484,0,1,0,0,39,5,0,2,1,1,175224.12,0
9723,15696588,679,1,0,0,0,36,3,0,2,1,1,2243.41,0
3394,15600626,710,1,0,0,1,30,6,0,2,1,1,8991.17,0
6273,15611331,511,1,0,0,0,46,1,0,1,1,1,115779.48,1
8990,15687558,640,0,0,1,0,31,10,118613.34,1,1,0,168469.65,0
5515,15773283,641,1,0,0,1,65,6,38340.02,1,1,0,32607.77,1
6064,15635256,762,1,0,0,1,31,7,117687.35,1,1,1,159344.43,0
4597,15767908,567,1,0,0,1,38,6,127678.8,2,0,0,45422.89,0
5487,15783882,771,0,1,0,0,41,5,0,2,0,1,92914.67,0
7425,15625501,570,0,0,1,1,38,1,127201.58,1,1,0,147168.28,1
7718,15787196,692,0,1,0,1,46,2,0,2,1,1,105983.09,0
468,15593782,816,0,0,1,0,38,5,130878.75,3,1,0,71905.77,1
5153,15799631,585,0,1,0,1,36,10,0,2,1,1,180318.6,0
9391,15619130,752,0,0,1,0,37,5,113291.05,2,1,1,132467.54,0
9485,15622370,813,0,0,1,1,30,1,116416.94,1,0,1,85808.22,0
3580,15670943,778,0,0,1,1,31,9,182275.23,2,1,0,190631.23,0
2821,15813916,622,1,0,0,0,31,1,89688.94,1,1,1,152305.47,0
4645,15714240,712,0,1,0,1,74,5,0,2,0,0,151425.82,0
8637,15582892,601,1,0,0,1,46,2,99786.07,1,1,1,32683.88,1
2302,15757577,676,1,0,0,0,61,8,0,2,1,1,118522.73,0
7794,15798885,585,1,0,0,1,56,4,138227.19,2,1,1,55287.84,0
4553,15655648,610,1,0,0,0,25,2,0,2,1,0,123723.83,0
9747,15782550,490,0,0,1,0,41,0,139659.04,1,1,1,176254.12,0
9113,15567339,735,1,0,0,1,73,9,0,1,1,1,114283.33,0
5656,15573171,695,0,1,0,1,63,1,146202.93,1,1,1,126688.83,1
8633,15759690,751,1,0,0,1,42,4,0,2,1,1,81442.6,0
4254,15599869,728,0,1,0,0,29,1,0,1,1,1,83056.22,0
2707,15595071,696,1,0,0,1,22,9,149777,1,1,1,198032.93,0
6259,15726046,712,1,0,0,0,27,2,133009.51,1,1,0,126809.15,0
7070,15692137,759,1,0,0,0,46,2,0,1,1,1,138380.11,0
1533,15589660,661,0,0,1,0,32,1,145980.23,1,0,1,56636.28,0
7189,15711742,708,1,0,0,0,34,4,0,1,1,1,62868.33,0
3231,15769902,679,1,0,0,0,33,6,0,2,1,1,98015.85,0
7560,15696120,701,0,1,0,0,30,2,0,2,1,0,115650.63,0
929,15677135,520,0,0,1,1,61,8,133802.29,2,1,1,90304.01,0
2739,15662098,650,0,1,0,1,41,3,128808.65,3,0,0,113677.53,1
2624,15653696,515,1,0,0,0,28,9,0,2,0,0,94141.75,0
2725,15812628,453,0,0,1,0,38,8,120623.21,1,1,0,129697.99,0
7939,15807305,805,1,0,0,1,39,2,0,1,0,0,166650.32,0
4971,15614893,689,0,1,0,1,38,2,0,1,1,1,82709.8,0
8427,15704651,514,1,0,0,1,26,1,0,2,0,0,121551.93,0
4531,15802617,697,0,0,1,1,43,7,115371.94,2,1,0,64139.1,0
9490,15777907,791,1,0,0,0,33,3,0,1,1,1,144413.92,1
4019,15690209,715,0,0,1,0,32,3,104857.19,2,1,0,114149.8,0
6641,15815615,681,1,0,0,1,36,5,141952.07,1,1,1,185144.08,0
7968,15636812,583,1,0,0,1,40,9,112701.04,1,0,0,29213.63,0
4190,15759499,598,1,0,0,0,32,4,111156.52,1,1,1,167376.26,0
3684,15727197,576,1,0,0,0,52,9,170228.59,2,0,0,148477.57,1
4136,15789874,712,1,0,0,0,29,3,87375.78,2,0,0,166194.53,0
528,15573318,610,1,0,0,1,26,8,0,2,1,0,166031.08,0
6981,15748360,644,0,0,1,0,34,10,122196.99,2,1,1,182099.71,0
5941,15791958,849,1,0,0,0,41,6,0,2,1,1,169203.51,1
8005,15645815,615,1,0,0,1,45,5,0,2,1,1,164886.64,0
7226,15793366,781,0,0,1,1,35,7,92526.15,2,1,1,173837.54,0
603,15782569,687,1,0,0,0,72,9,0,1,0,1,69829.4,0
6848,15809462,656,1,0,0,1,30,3,0,2,0,1,17104,0
4150,15621435,623,1,0,0,0,39,1,160903.2,1,0,0,78774.36,0
8186,15812356,722,0,0,1,0,40,6,89175.06,2,0,1,152883.95,0
1134,15706899,559,1,0,0,1,34,4,0,2,1,1,66721.98,0
1382,15714466,846,1,0,0,0,41,5,0,3,1,0,3440.47,1
7422,15646521,634,0,1,0,0,36,1,0,1,1,1,143960.72,0
1852,15633640,799,1,0,0,0,52,4,161209.66,1,1,1,89081.41,0
8720,15811415,691,1,0,0,0,44,6,134066.1,2,1,1,197572.41,0
1241,15617934,579,1,0,0,1,36,9,129829.59,1,1,1,60906.12,0
7555,15569917,706,0,1,0,1,30,6,87609.68,2,0,0,137674.55,1
3188,15713912,516,0,1,0,0,45,8,109044.3,1,0,1,115818.16,0
299,15650068,511,1,0,0,1,58,0,149117.31,1,1,1,162599.51,0
8814,15770375,850,0,0,1,0,26,8,123126.29,1,1,0,74425.41,0
3721,15788775,473,0,0,1,1,40,8,152576.25,2,1,0,73073.68,0
1793,15746451,686,0,1,0,1,41,7,102749.72,1,0,1,194913.86,0
249,15657566,634,0,0,1,1,24,8,103097.85,1,1,1,157577.29,0
1694,15689612,554,0,1,0,0,34,8,0,1,0,1,106981.03,0
512,15761043,632,0,0,1,0,38,6,86569.76,2,1,0,98090.91,0
4387,15621520,783,0,0,1,0,42,2,139707.28,1,1,0,2150.22,0
9378,15709447,584,1,0,0,0,26,0,146286.22,1,1,0,105105.35,0
9757,15662698,648,0,1,0,0,43,7,81153.82,1,1,1,144532.85,1
3939,15723717,483,0,0,1,1,41,1,118334.44,1,0,0,163147.99,1
5665,15661723,667,0,1,0,1,71,4,137260.78,1,0,1,94433.08,1
8412,15719479,619,0,1,0,0,56,7,0,2,1,1,42442.21,0
6943,15617206,431,0,0,1,1,42,8,120822.86,2,1,0,126153.24,0
4565,15669204,650,0,0,1,1,23,4,93911.3,2,1,0,69055.45,0
4455,15641312,615,1,0,0,1,36,6,0,1,1,1,27011.8,1
7525,15620103,660,1,0,0,0,40,8,167181.01,1,1,1,185156.94,0
2105,15719561,768,1,0,0,1,42,5,0,3,0,0,60686.4,0
7399,15577771,453,0,0,1,0,40,1,111524.49,1,1,1,120373.84,1
3009,15665416,779,1,0,0,1,62,10,119096.55,1,0,1,116977.89,0
2168,15780846,787,1,0,0,1,33,1,126588.81,2,0,1,62163.53,0
6590,15673790,498,0,0,1,1,45,7,109200.74,2,0,1,165990.44,0
4803,15756871,512,0,1,0,1,39,3,0,1,1,0,134878.19,0
6709,15653448,754,1,0,0,1,34,7,0,2,1,1,65219.85,0
4321,15611544,701,0,0,1,1,36,7,95448.32,2,1,0,189085.07,0
3144,15722061,619,0,0,1,0,41,8,142015.76,2,1,0,114323.66,0
8598,15659694,634,0,0,1,0,53,3,113781.5,2,1,1,106345.05,1
5382,15663883,850,0,0,1,1,32,9,141827.33,2,1,1,149458.73,0
1812,15624068,779,1,0,0,0,26,0,0,2,0,1,111906,0
8479,15643048,639,1,0,0,1,66,0,0,2,0,1,42240.54,0
209,15684181,643,1,0,0,1,45,5,0,1,1,0,142513.5,1
7836,15788189,665,1,0,0,0,41,8,96147.55,1,1,0,137037.97,0
8858,15810826,624,1,0,0,1,36,6,0,2,0,0,84749.96,0
7038,15789611,568,0,0,1,1,46,8,150836.92,1,0,0,64516.8,1
7567,15732943,574,0,1,0,1,36,4,77967.5,1,1,0,167066.95,1
2085,15668669,423,1,0,0,0,36,5,97665.61,1,1,0,118372.55,1
939,15668032,577,1,0,0,0,37,4,0,1,1,1,79881.39,0
3935,15705765,581,0,1,0,0,46,1,0,2,1,0,104272.04,0
2346,15641250,794,0,1,0,1,38,9,179581.31,1,1,0,23596.24,0
4479,15622443,549,1,0,0,1,31,4,0,2,0,1,25684.85,0
330,15624528,664,0,0,1,1,26,7,116244.14,2,1,1,95145.14,0
4765,15657637,696,0,1,0,0,36,3,0,3,1,0,65039.9,0
1496,15580845,685,0,0,1,1,57,7,101868.51,1,0,1,113483.96,0
7880,15665385,657,1,0,0,1,44,6,76495.04,1,1,0,79071.89,0
9741,15572021,798,0,0,1,0,29,8,80204.11,2,1,0,70223.22,0
1506,15798975,606,0,0,1,1,48,4,132403.56,1,0,0,36091.91,1
7666,15730150,540,0,1,0,1,37,0,120825.7,1,1,0,28257.89,0
8377,15704657,601,1,0,0,1,39,3,72647.64,1,1,0,41777.9,1
5795,15694125,669,1,0,0,1,57,5,0,2,1,1,56875.76,0
4972,15665963,681,0,1,0,1,30,2,128393.29,1,1,1,180593.45,0
5477,15723864,828,0,1,0,1,47,1,109876.82,2,1,0,83611.45,1
6208,15665811,644,1,0,0,1,33,9,141234.98,1,1,0,95673.05,0
6994,15681342,639,1,0,0,0,35,1,103015.12,2,1,1,139094.12,0
9735,15583221,667,0,0,1,1,70,3,77356.92,2,1,1,20881.96,0
834,15625881,634,0,0,1,1,37,3,111432.77,2,1,1,167032.49,0
6422,15579994,616,1,0,0,1,23,8,73112.95,1,1,1,62733.05,0
8233,15732704,582,0,1,0,1,25,9,148042.97,2,1,0,52341.15,0
3636,15571689,740,1,0,0,0,37,5,0,2,1,1,27528.4,0
3711,15601796,645,1,0,0,1,30,1,125739.26,1,1,1,193441.23,0
2318,15627212,630,1,0,0,0,36,2,110414.48,1,1,1,48984.95,0
6712,15727499,666,0,0,1,0,36,3,129118.5,2,0,0,139435.12,0
9395,15615753,597,0,0,1,0,35,8,131101.04,1,1,1,192852.67,0
8968,15579131,835,1,0,0,1,25,7,0,2,1,1,83449.65,0
3118,15732987,721,0,1,0,1,43,3,88798.34,1,0,0,45610.63,0
4735,15591740,590,1,0,0,0,54,4,0,2,1,1,93820.49,1
3831,15720713,850,1,0,0,0,29,10,0,2,1,1,199775.67,0
5414,15588918,671,1,0,0,0,42,6,0,2,1,0,197202.48,0
7450,15804235,698,1,0,0,0,37,2,166178.02,2,1,1,71972.95,0
4039,15684461,469,0,1,0,0,31,6,0,1,1,0,146213.75,1
2632,15681196,629,1,0,0,1,35,1,172170.36,1,1,1,159777.37,0
5787,15652320,588,1,0,0,1,40,5,0,2,0,0,100727.68,0
5178,15588449,591,0,1,0,0,27,5,107812.67,1,0,1,162501.83,1
7951,15806796,516,0,0,1,0,33,10,138847.9,1,1,1,127256.7,0
4723,15805671,648,1,0,0,1,32,0,0,1,0,1,117323.31,0
8203,15747647,589,0,1,0,0,27,4,0,2,1,0,144181.48,0
9706,15572374,733,0,1,0,1,36,1,0,2,0,1,108377.82,0
5553,15651315,627,1,0,0,1,41,3,0,2,1,0,132719.8,0
5868,15625740,627,0,0,1,1,62,3,143426.34,2,1,1,143104.3,0
8291,15731267,797,1,0,0,1,37,4,75263.7,1,1,0,85801.77,0
9126,15604138,749,0,1,0,1,34,2,0,1,0,0,174189.04,1
3820,15718289,553,0,0,1,1,46,3,82291.1,1,1,0,112549.99,1
630,15692463,799,0,1,0,0,28,3,142253.65,1,1,0,45042.56,0
406,15692761,718,1,0,0,1,36,9,0,1,1,0,45909.87,0
4133,15737571,540,0,1,0,0,28,6,84121.04,1,0,1,80698.54,0
7659,15666297,706,0,1,0,0,53,3,0,3,0,0,88479.02,1
5506,15802466,534,1,0,0,0,53,7,0,2,1,1,80619.17,0
6948,15809558,715,0,1,0,1,31,7,0,1,1,1,149970.59,0
1484,15790683,850,1,0,0,1,36,1,104077.19,2,0,1,68594,0
543,15776223,597,1,0,0,0,42,4,64740.12,1,1,1,106841.12,0
9497,15756992,701,1,0,0,1,37,1,0,2,1,0,163457.55,0
6355,15566312,660,0,1,0,0,42,5,0,3,1,1,189016.24,1
7549,15658504,584,0,0,1,0,62,9,137727.34,2,0,1,121102.9,0
974,15779711,750,0,1,0,0,38,7,97257.41,2,0,1,179883.04,0
3924,15595047,764,1,0,0,1,41,7,0,2,0,0,134878.34,0
8793,15766137,497,1,0,0,1,34,2,0,2,1,1,83087.13,0
9286,15713632,551,0,1,0,0,48,5,95679.29,1,0,0,94978.1,0
8144,15609058,676,1,0,0,1,23,1,107787.47,1,0,1,116378.82,0
7329,15689786,850,0,0,1,1,56,1,169743.83,1,0,0,155850.4,1
2757,15765806,492,1,0,0,1,29,1,144591.96,1,1,1,196293.76,0
6282,15656921,850,1,0,0,1,31,4,0,2,0,0,152298.28,0
6477,15701412,739,1,0,0,1,40,4,0,2,0,0,173321.65,0
1990,15622454,695,0,1,0,1,28,0,96020.86,1,1,1,57992.49,0
1434,15585282,755,1,0,0,1,62,1,127706.33,2,0,1,142377.69,0
6442,15711251,514,1,0,0,1,45,1,178827.79,1,1,0,60375.18,0
6557,15612207,840,0,0,1,0,51,1,87779.83,1,0,1,36687.11,1
1028,15769948,737,0,0,1,1,35,0,133377.8,1,0,1,64050.19,0
4416,15575955,764,1,0,0,0,24,0,0,2,1,0,88724.49,0
973,15605918,635,0,0,1,1,43,5,78992.75,2,0,0,153265.31,0
2363,15791053,709,0,0,1,1,45,4,122917.71,1,1,1,11.58,1
2218,15610337,666,0,1,0,1,35,2,104832.49,1,1,0,175015.12,0
7850,15627395,643,0,0,1,1,41,7,154902.66,1,1,1,49667.28,0
1274,15612064,474,1,0,0,1,33,5,0,2,1,0,181945.52,1
2348,15746708,589,0,0,1,1,55,7,119961.48,1,1,0,65156.83,1
194,15702741,601,1,0,0,1,32,8,93012.89,1,1,0,86957.42,0
5649,15600174,525,1,0,0,1,35,7,165358.77,1,0,1,94738.54,0
6541,15656322,571,0,0,1,1,33,3,71843.15,1,1,0,26772.04,0
1247,15721189,666,1,0,0,0,66,7,0,2,1,1,99792.82,0
891,15768104,788,0,1,0,1,37,8,141541.25,1,0,0,66013.27,0
116,15675522,628,0,0,1,0,30,9,132351.29,2,1,1,74169.13,0
7358,15570947,615,0,1,0,0,29,7,143330.56,2,1,1,126396.01,0
1459,15678385,465,1,0,0,1,25,2,78247.31,2,1,1,10472.31,0
5103,15632899,662,0,1,0,1,20,9,104508.77,2,0,0,73107.53,0
1229,15578515,659,1,0,0,0,38,3,0,2,1,0,158553.1,0
3041,15617134,716,1,0,0,1,38,4,0,2,1,0,189678.7,0
8081,15668775,757,1,0,0,1,47,3,130747.1,1,1,0,143829.54,0
4817,15582841,600,1,0,0,1,29,8,0,2,0,1,34747.43,0
2109,15634949,593,0,0,1,1,74,5,161434.36,2,1,1,65532.17,0
5098,15568238,650,0,1,0,1,20,8,0,2,1,1,113469.65,0
3003,15672091,786,0,0,1,0,32,2,104336.43,2,0,0,59559.81,0
6969,15721793,510,0,0,1,0,50,7,123936.54,1,1,1,23768.01,0
3285,15724150,814,1,0,0,1,48,9,136596.85,1,1,1,185791.9,0
2899,15624510,696,1,0,0,1,52,6,139781.06,1,1,0,27445.4,1
7274,15671582,660,0,1,0,1,38,6,109869.32,1,1,1,154641.91,0
6277,15768471,554,0,0,1,0,54,6,108755,1,1,0,40914.32,1
4131,15731669,554,1,0,0,1,39,2,129709.62,1,1,0,173197.12,0
6803,15700656,662,1,0,0,1,32,9,0,2,0,0,65089.38,0
3233,15814553,559,1,0,0,0,34,5,68999.66,2,1,1,66879.27,0
6172,15673837,617,0,1,0,1,61,3,113858.95,1,1,1,38129.22,0
1553,15718779,780,1,0,0,1,34,1,0,1,1,1,64804.04,0
8668,15658987,557,1,0,0,0,46,4,96173.17,2,1,1,116378.31,0
4382,15680370,492,1,0,0,1,39,7,0,2,0,1,71323.23,0
9773,15750549,660,0,0,1,1,30,1,84440.1,2,1,1,60485.98,0
3238,15665760,802,0,1,0,1,38,7,0,2,0,1,57764.65,0
8471,15582847,662,1,0,0,1,26,0,0,2,0,1,72929.96,0
9058,15764153,704,1,0,0,0,33,0,130499.09,2,1,1,74804.36,0
2815,15738672,737,0,0,1,0,40,2,162485.8,2,1,0,149381.32,0
5585,15768270,579,0,1,0,0,31,9,0,2,1,0,112395.98,0
4729,15765650,501,0,0,1,1,40,5,114655.58,1,0,0,126535.92,0
6865,15797381,593,0,0,1,0,48,3,133903.12,2,1,1,85902.39,1
6970,15687413,619,0,1,0,0,38,6,0,2,1,1,117616.29,0
7244,15728906,634,1,0,0,1,77,5,0,2,1,1,161579.85,0
3655,15632365,542,0,0,1,1,33,8,142871.27,2,0,0,77737.86,0
4476,15578435,640,1,0,0,1,40,8,110340.68,1,1,1,157886.6,0
4697,15699467,631,0,1,0,0,41,0,0,1,0,0,87959.83,0
2949,15694395,620,1,0,0,0,29,1,138740.24,2,0,0,154700.61,0
8492,15699257,651,0,1,0,1,42,2,143145.87,2,1,0,43612.06,0
8340,15658100,695,1,0,0,0,42,0,0,2,0,1,140724.64,0
3008,15697997,602,1,0,0,1,33,5,164704.38,1,0,1,180716.1,1
4217,15718852,794,1,0,0,1,56,9,96951.21,1,1,1,71776.76,0
3997,15718789,604,1,0,0,1,30,5,0,2,1,0,75786.55,0
8421,15743076,669,0,1,0,1,29,9,0,1,1,1,93901.61,0
1594,15741728,591,0,1,0,1,36,7,135216.8,1,1,1,122022.89,0
9081,15620443,711,1,0,0,0,81,6,0,2,1,1,72276.24,0
3248,15721835,791,0,1,0,1,25,7,0,1,1,0,89666.28,0
2010,15732917,729,0,0,1,1,46,5,117837.43,1,1,0,104016.61,1
7748,15628308,850,1,0,0,0,24,6,0,2,1,1,13159.9,0
1617,15665695,594,1,0,0,0,49,4,0,2,1,1,23631.55,0
2858,15769829,534,0,1,0,1,51,3,0,2,0,1,20856.31,0
5298,15683416,572,0,0,1,1,51,8,97750.07,3,1,1,193014.26,1
7061,15594305,712,1,0,0,0,32,1,0,2,1,0,1703.58,0
9980,15692664,677,1,0,0,0,58,1,90022.85,1,0,1,2988.28,0
2445,15572461,663,0,0,1,0,29,4,102714.65,2,0,0,21170.81,0
6829,15806134,707,0,0,1,1,34,9,162691.16,2,1,0,94912.78,0
7488,15785367,651,1,0,0,0,56,4,0,1,0,0,84383.22,1
3761,15734970,835,0,1,0,1,38,7,86824.09,1,0,0,175905.97,0
3760,15688337,721,1,0,0,1,40,9,118129.87,1,1,1,160277.65,0
7533,15706602,760,0,1,0,0,33,1,118114.28,2,0,1,156660.21,0
3540,15761453,667,1,0,0,1,42,6,0,1,1,0,88890.05,0
4353,15765192,564,1,0,0,1,26,7,84006.88,2,0,0,183490.99,0
9229,15749679,699,1,0,0,1,39,2,109724.38,1,1,1,180022.39,0
7086,15575605,725,1,0,0,1,38,6,0,2,1,1,158697.28,0
5262,15814022,714,1,0,0,0,26,9,89928.99,1,1,0,46203.31,0
4491,15792646,647,0,1,0,0,64,1,91216,1,1,1,41800.18,0
2803,15723299,774,1,0,0,1,53,4,113709.28,1,1,1,153887.93,1
3673,15706904,750,1,0,0,1,43,6,113882.31,1,1,1,74564.41,0
3681,15604576,850,0,1,0,1,22,3,0,1,1,1,144385.54,0
1903,15622017,773,0,1,0,0,33,10,0,1,1,1,98820.09,0
5173,15813095,553,1,0,0,1,37,2,0,2,1,0,33877.29,0
1570,15670823,651,0,0,1,0,42,1,116646.76,1,1,0,44731.8,1
2901,15668575,626,0,1,0,0,26,8,148610.41,3,0,1,104502.02,1
9402,15601857,705,0,0,1,0,46,4,115518.07,1,0,0,76544.9,1
6736,15717328,842,1,0,0,0,37,4,132446.08,2,1,0,87071.18,1
6491,15620751,760,1,0,0,1,34,2,0,2,1,0,164162.44,0
6495,15752846,699,1,0,0,1,28,7,0,2,1,1,22684.78,0
4978,15795881,776,0,1,0,1,35,8,106365.29,1,1,1,148527.56,0
4016,15631603,813,1,0,0,1,32,1,122889.88,1,1,1,26476.18,0
9888,15646310,684,0,1,0,1,24,8,143582.89,1,1,1,22527.27,0
5245,15702190,672,0,1,0,1,43,5,0,2,1,1,64515.5,0
8454,15684669,567,1,0,0,0,41,9,137891.35,1,1,0,142009.46,1
5756,15600813,717,1,0,0,1,50,9,90305.76,1,1,1,124626.57,0
7760,15806389,549,0,0,1,0,55,1,137592.31,2,0,1,116548.02,1
7527,15800554,850,1,0,0,0,81,1,0,2,1,1,59568.24,0
2600,15704844,550,0,1,0,1,62,7,80927.56,1,0,1,64490.67,0
421,15810418,756,0,0,1,0,60,3,115924.89,1,1,0,93524.19,1
9420,15798605,686,0,0,1,1,26,1,57422.62,1,1,1,79189.4,0
2056,15705991,469,0,0,1,1,38,9,113599.42,1,0,0,11950.29,0
9906,15784124,645,0,0,1,1,41,2,93925.3,1,1,0,123982.14,1
1005,15723685,601,0,0,1,0,26,7,105514.69,2,1,0,50070.59,0
9291,15634591,850,1,0,0,1,33,8,73059.38,1,1,1,186281,0
6881,15724453,570,1,0,0,1,23,2,0,1,0,0,198830.98,0
2014,15742238,705,0,0,1,1,35,4,136496.12,2,1,0,116672.02,0
9636,15658768,547,1,0,0,0,49,2,0,1,0,0,65466.93,1
1117,15723250,519,1,0,0,1,42,8,0,2,1,1,101485.72,0
982,15566156,749,0,0,1,0,44,0,71497.79,2,0,0,151083.8,0
7487,15593694,814,1,0,0,1,49,8,0,2,0,0,157822.54,0
4293,15800287,706,0,1,0,0,46,2,127660.46,2,1,0,150156.82,1
1808,15605037,818,1,0,0,0,49,2,0,1,0,1,192298.84,1
2005,15729970,684,0,0,1,1,29,8,127269.75,1,0,1,79495.01,0
8991,15729065,784,0,0,1,1,28,2,109960.06,2,1,1,170829.87,0
7626,15689692,598,0,0,1,1,19,3,150348.37,1,1,1,173784.04,0
8011,15787756,467,0,0,1,1,51,10,114514.71,2,1,0,177784.68,1
1061,15650933,490,0,1,0,0,48,8,155413.06,1,1,0,187921.3,0
4413,15662626,666,1,0,0,0,40,2,0,2,0,0,36371.27,0
2708,15628203,637,1,0,0,0,38,3,104339.56,1,0,0,119882.86,0
5577,15635964,566,0,0,1,1,65,4,120100.41,1,1,0,107563.16,1
7011,15585892,639,1,0,0,0,35,8,0,1,0,0,164453.98,0
8429,15566735,548,0,0,1,0,36,2,108913.84,2,1,1,140460.01,0
6415,15642912,618,1,0,0,0,21,2,125682.79,1,0,0,57762,0
6919,15721116,597,0,1,0,1,24,0,108058.07,2,1,1,187826.11,0
3459,15748673,770,1,0,0,0,37,9,0,2,0,0,22710.72,0
1048,15793949,726,1,0,0,0,48,4,0,1,1,0,114020.06,1
8425,15775703,702,1,0,0,1,26,2,71281.29,1,1,1,108747.12,1
9230,15629010,847,0,0,1,0,35,5,111743.43,1,1,1,183584.14,0
5074,15800295,644,0,0,1,1,34,9,112746.54,2,0,0,141230.07,0
5386,15681410,813,0,0,1,0,36,6,98088.09,1,0,1,26687.22,1
5100,15731555,595,0,0,1,0,45,9,106000.12,1,0,0,191448.96,1
9371,15732438,561,1,0,0,1,43,4,0,4,0,0,18522.91,1
2997,15575694,729,0,1,0,0,45,7,91091.06,2,1,0,71133.12,0
4642,15786617,485,0,0,1,1,34,3,133658.24,1,1,0,70209.83,0
4110,15807768,702,0,0,1,1,28,1,103033.83,1,1,1,40321.87,0
5978,15631639,704,1,0,0,0,40,6,95452.89,1,0,1,179964.55,0
3680,15593897,650,0,1,0,1,25,7,160599.06,2,1,1,28391.52,0
18,15788218,549,0,1,0,0,24,9,0,2,1,1,14406.41,0
2517,15798666,814,1,0,0,0,36,6,0,2,1,1,98657.01,0
731,15812750,591,1,0,0,1,24,6,147360,1,1,1,25310.82,0
8278,15765283,624,0,0,1,0,40,3,149961.99,2,1,0,104610.86,0
8940,15806420,772,1,0,0,1,34,9,0,2,1,0,170980.86,0
690,15720649,641,1,0,0,0,36,5,66392.64,1,1,0,31106.67,0
7357,15683993,493,1,0,0,0,37,8,142987.46,2,1,0,158840.99,0
3866,15729435,623,1,0,0,1,40,6,0,2,1,1,66119.07,0
9699,15771477,779,1,0,0,1,49,9,106160.37,1,0,0,116893.87,0
5914,15639530,679,0,1,0,1,42,2,0,1,1,1,168294.27,0
8062,15814757,477,0,1,0,1,31,9,0,2,0,1,184061.17,0
7238,15753550,684,1,0,0,0,43,7,0,2,1,0,131093.99,0
4029,15764335,463,0,0,1,0,41,8,123151.51,2,1,0,70127.93,0
2512,15693267,679,0,0,1,0,34,7,121063.85,1,1,0,56984.58,0
5676,15757897,766,1,0,0,0,26,3,104258.8,1,1,1,428.23,0
3891,15719579,670,0,0,1,0,33,9,84521.48,2,0,1,198017.05,0
747,15787619,844,1,0,0,1,18,2,160980.03,1,0,0,145936.28,0
6790,15809847,668,1,0,0,1,46,0,0,2,0,0,29388.02,0
2782,15641416,732,0,0,1,0,61,9,94867.18,2,1,1,157527.6,1
4425,15774630,601,0,0,1,0,47,1,142802.02,1,1,1,57553.02,0
4921,15615016,515,1,0,0,1,33,2,0,2,1,1,136028.97,0
1946,15607347,734,1,0,0,1,22,5,130056.23,1,0,0,121894.31,1
8087,15774847,593,1,0,0,1,50,6,171740.69,1,0,0,20893.61,0
2928,15669656,632,1,0,0,1,32,6,111589.33,1,1,1,170382.99,0
9898,15810563,678,0,1,0,0,61,8,0,2,1,1,159938.82,0
5718,15628824,665,1,0,0,0,37,5,160389.82,1,0,1,183542.08,0
1816,15583499,510,1,0,0,1,32,9,103324.78,1,1,1,46127.7,0
4833,15808389,617,1,0,0,0,79,7,0,1,1,1,160589.18,0
6545,15716218,709,1,0,0,0,45,3,104118.5,1,0,1,174032,0
5833,15607786,709,1,0,0,1,26,6,156551.63,1,0,1,4410.77,0
745,15670755,650,1,0,0,1,60,8,0,2,1,1,102925.76,0
6895,15707441,690,0,1,0,1,26,8,116318.23,1,1,1,83253.05,0
605,15609286,702,1,0,0,1,37,10,150525.8,1,1,1,94728.49,0
3897,15767894,741,1,0,0,0,21,9,0,2,0,1,139259.54,0
9170,15659002,766,1,0,0,0,45,6,0,2,0,0,147184.74,0
1579,15585047,715,1,0,0,1,28,7,160376.61,1,0,0,196853.11,0
6011,15814033,759,0,1,0,1,38,1,0,2,1,0,20778.39,0
4681,15729582,676,0,0,1,1,48,3,80697.44,1,0,0,101397.86,0
235,15704769,585,1,0,0,0,67,5,113978.97,2,0,1,93146.11,0
3289,15807837,640,1,0,0,0,30,6,107499.7,1,1,1,187632.22,0
4316,15763980,632,0,0,1,1,30,1,58668.02,1,1,1,78670.52,0
2976,15774179,487,1,0,0,1,37,6,0,2,1,1,126477.41,0
2893,15701291,601,1,0,0,1,44,3,0,2,1,0,30607.11,0
440,15690134,464,0,0,1,0,42,3,85679.25,1,1,1,164104.74,0
4975,15744942,638,0,1,0,0,55,2,155828.22,1,0,1,108987.25,1
2677,15641994,667,0,0,1,1,43,1,103018.45,1,1,0,32462.39,1
7895,15718281,706,0,0,1,1,67,1,123276.69,2,1,1,86507.88,1
1249,15770030,689,0,1,0,0,28,3,0,2,1,1,192449.02,0
1733,15680727,735,1,0,0,1,49,5,121973.28,1,1,0,148804.36,0
7233,15799785,679,0,0,1,0,30,4,77949.69,1,1,1,121151.46,0
900,15632210,657,0,0,1,1,25,2,171770.55,1,1,0,22745.5,0
1431,15703143,820,1,0,0,0,29,3,82344.84,1,0,1,115985.38,0
4984,15723721,543,1,0,0,1,30,4,140916.81,1,1,0,157711.18,0
3017,15642725,797,1,0,0,1,32,10,114084.6,1,0,1,125782.29,0
4572,15761775,598,0,0,1,1,20,8,180293.84,2,1,1,29552.7,0
9846,15664035,590,0,1,0,0,38,9,0,2,1,1,148750.16,0
548,15720187,479,0,0,1,0,30,7,143964.36,2,1,0,41879.99,0
7700,15622289,605,0,1,0,0,36,9,0,2,0,1,35521.63,0
8721,15645059,711,1,0,0,0,28,8,0,2,0,0,105159.89,0
5884,15574795,495,1,0,0,0,38,2,63093.01,1,1,1,47089.72,0
8049,15595713,548,0,1,0,1,33,6,0,1,1,1,31728.35,0
2726,15597951,471,1,0,0,0,58,4,114713.57,1,1,1,36315.03,0
1991,15775803,841,0,1,0,1,41,1,0,2,0,1,193093.77,0
8824,15578835,675,0,1,0,0,50,1,133204.91,1,0,1,8270.06,0
906,15675964,672,1,0,0,0,45,9,0,1,1,1,92027.69,1
3873,15620123,605,1,0,0,1,39,6,111169.91,1,0,0,9641.4,0
7337,15801072,654,1,0,0,0,28,7,0,2,1,0,151316.37,0
340,15807923,716,0,0,1,0,39,10,115301.31,1,1,0,43527.4,1
2342,15735388,717,1,0,0,0,25,7,108664.85,2,1,0,190011.85,0
266,15813163,531,0,1,0,0,36,9,99240.51,1,1,0,123137.01,0
2464,15641136,629,1,0,0,1,32,2,0,2,0,1,77965.44,0
2619,15724834,498,1,0,0,0,30,1,0,2,0,0,135795.53,0
7024,15605791,524,0,0,1,1,29,9,144287.6,2,1,0,32063.3,0
4424,15739857,785,1,0,0,0,40,3,0,2,1,1,96832.82,0
9571,15624936,631,1,0,0,1,35,8,129205.49,1,1,1,79146.36,0
9440,15692226,705,1,0,0,0,31,3,142905.51,1,1,1,58134.97,0
5325,15595158,654,0,0,1,1,31,5,150593.59,2,1,1,105218.45,0
6996,15696826,633,1,0,0,0,32,1,104001.38,1,0,1,36642.65,0
533,15663478,729,1,0,0,1,32,6,93694.42,1,1,1,79919.13,0
2951,15744919,734,0,1,0,0,37,0,152760.24,1,1,1,48990.5,0
9319,15611786,668,0,1,0,0,69,9,0,1,0,1,134483.07,0
3129,15794253,832,0,1,0,0,34,6,138190.13,2,0,1,146511.2,0
2290,15789097,644,1,0,0,1,48,8,0,2,0,1,44965.54,1
6241,15626507,558,1,0,0,1,27,1,152283.39,1,1,0,183271.15,0
4277,15623478,670,0,0,1,0,32,4,102954.68,2,0,1,134942.45,0
2077,15780254,654,1,0,0,1,40,6,0,1,0,0,183872.88,1
3328,15659325,802,0,1,0,1,40,5,0,2,1,1,175043.69,0
1959,15737506,645,1,0,0,1,42,6,0,1,0,0,149807.01,0
2648,15687162,461,1,0,0,1,51,9,119889.84,1,0,0,56767.67,1
9914,15590177,718,1,0,0,0,44,1,133866.22,1,0,1,139049.24,0
4437,15664498,508,1,0,0,1,26,7,205962,1,1,0,156424.4,0
1465,15595067,637,0,1,0,0,40,6,0,2,1,1,181610.6,0
8611,15731553,730,1,0,0,1,23,8,0,2,1,0,183284.53,0
8902,15633474,586,1,0,0,1,51,2,138553.57,1,1,1,92406.22,0
653,15711889,668,1,0,0,1,42,3,150461.07,1,1,0,108139.23,0
7853,15596379,743,0,0,1,1,39,3,119695.75,1,0,1,26136.13,0
5543,15664897,682,1,0,0,0,35,2,181166.44,1,1,1,63737.19,1
3311,15746076,506,0,1,0,1,50,3,0,2,1,0,12016.79,0
7313,15688264,629,1,0,0,0,43,0,0,2,1,1,41263.69,0
6753,15605424,624,0,1,0,1,38,7,123906.55,1,1,0,135096.78,0
7754,15777616,605,0,0,1,1,28,10,113690.83,1,1,0,33114.24,0
3561,15733777,817,1,0,0,1,44,8,0,1,0,0,65501.91,1
3764,15773868,653,0,0,1,0,37,3,125734.2,2,1,0,134625.09,1
9389,15707138,679,0,1,0,1,39,5,0,2,1,1,100060.54,0
6716,15763111,808,0,1,0,0,67,10,124577.15,1,0,1,169894.4,0
952,15785899,789,0,0,1,1,33,8,151607.56,1,1,0,4389.4,0
9566,15752294,582,1,0,0,0,38,9,135979.01,4,1,1,76582.95,1
3988,15726484,633,1,0,0,1,37,7,141546.35,1,1,1,124830.11,0
4086,15627251,520,1,0,0,1,34,4,134007.9,1,1,1,193209.11,0
5086,15687372,547,0,0,1,1,49,8,121537.71,2,1,0,46521.45,1
8718,15635502,443,1,0,0,1,44,2,0,1,1,0,159165.7,0
2140,15765518,643,1,0,0,0,51,2,105229.53,1,1,0,34967.75,1
3795,15621409,496,1,0,0,1,32,4,127845.83,1,1,0,66469.2,0
4537,15756333,642,1,0,0,0,55,7,0,2,1,1,101515.76,0
3714,15657937,709,0,0,1,1,22,0,112949.71,1,0,0,155231.55,0
8074,15601030,777,0,0,1,0,34,5,96693.66,1,1,1,172618.52,0
3671,15660809,850,1,0,0,1,28,4,0,2,1,1,12409.01,0
1263,15747591,665,0,1,0,0,40,1,173432.55,1,0,1,116766.79,0
3543,15636024,692,0,1,0,0,34,4,109699.08,1,1,1,37898.91,0
8112,15670552,560,1,0,0,0,31,3,115141.18,1,1,0,39806.75,0
3366,15764431,671,0,1,0,0,34,5,130929.02,4,1,1,28238.25,1
3262,15768293,614,1,0,0,1,51,3,0,2,1,1,5552.37,0
6311,15641595,685,0,1,0,1,43,4,97392.18,2,1,0,43956.83,0
6194,15727198,689,0,0,1,0,28,2,64808.32,2,0,0,78591.15,0
7087,15649160,554,1,0,0,0,38,3,138731.95,1,1,1,194138.36,0
8635,15656141,741,1,0,0,1,39,5,0,1,0,1,40207.06,0
7876,15775104,697,1,0,0,0,38,1,182065.85,1,1,0,49503.5,0
1861,15778190,639,0,1,0,0,28,8,97840.72,1,1,1,178222.77,0
5366,15774104,539,0,1,0,1,39,2,0,2,1,1,48189.94,0
7054,15815271,755,0,0,1,1,43,6,165048.5,3,1,0,16929.41,1
7327,15570508,600,1,0,0,1,49,7,90218.9,1,1,0,91347.76,0
6953,15598838,659,1,0,0,0,37,1,151105.68,1,1,1,140934.57,0
2852,15776454,603,1,0,0,0,48,5,0,1,1,0,100478.6,1
9227,15779913,586,1,0,0,1,27,5,130231.8,2,1,1,192427.16,0
9311,15733032,651,0,1,0,1,47,2,0,2,1,1,119808.64,0
719,15696859,474,1,0,0,1,45,10,0,2,0,0,172175.9,0
6160,15627995,756,0,0,1,0,26,5,155143.52,1,0,1,135034.57,1
3147,15730688,548,1,0,0,0,28,8,116755.5,2,1,1,158585.17,1
5131,15631721,691,0,0,1,1,38,9,163965.69,2,0,1,103511.26,0
8302,15766017,615,0,0,1,1,58,3,72309.3,1,1,1,85687.09,1
1909,15626983,605,0,1,0,0,48,6,0,2,1,1,40062.99,0
2982,15711218,616,0,0,1,1,39,2,121704.32,2,1,0,55556.3,0
3698,15565796,745,0,0,1,1,48,10,96048.55,1,1,0,74510.65,0
9348,15802809,660,0,1,0,0,36,0,84438.57,1,1,1,181449.51,0
3167,15746203,555,0,0,1,1,62,4,119817.33,1,0,1,43507.1,1
9321,15780215,636,1,0,0,1,31,6,0,2,1,1,2382.61,0
5362,15719265,589,1,0,0,1,46,9,0,2,1,0,170676.67,0
161,15692132,717,0,1,0,0,22,6,101060.25,1,0,1,84699.56,0
1036,15652955,678,0,1,0,1,30,0,0,1,1,0,35113.08,0
7617,15749964,610,1,0,0,0,27,4,87262.4,2,1,0,182720.07,0
8385,15804150,755,1,0,0,1,34,3,0,2,1,1,158816.03,0
6124,15714493,465,0,1,0,0,33,6,0,2,1,1,95500.98,0
2902,15603246,498,1,0,0,1,73,2,170241.7,2,1,1,165407.96,0
5611,15783816,733,1,0,0,0,28,5,0,2,0,0,12761.16,0
1266,15662291,534,1,0,0,0,55,8,116973.26,3,1,0,122066.5,1
1666,15775082,749,1,0,0,1,42,1,129776.72,2,0,1,143538.51,0
378,15667871,572,0,1,0,1,35,4,152390.26,1,1,0,128123.66,0
4493,15773260,590,1,0,0,0,32,0,127763.24,1,1,0,100717.54,0
5818,15656865,613,0,0,1,1,69,9,78778.49,1,0,1,8751.59,0
4094,15798470,764,0,1,0,0,48,1,75990.97,1,1,0,158323.81,1
8698,15644551,751,0,1,0,0,37,3,99773.85,2,1,0,54865.92,0
1692,15772933,591,0,1,0,1,31,8,0,1,1,1,141677.33,0
6436,15754874,700,1,0,0,1,26,4,119009.57,1,1,0,141926.43,0
4872,15575858,763,1,0,0,1,40,3,0,2,1,0,134281.11,0
6572,15747534,595,1,0,0,1,46,10,0,1,1,0,73489.15,1
7650,15588854,715,1,0,0,0,31,3,110581.29,1,1,1,94715.24,0
4748,15702380,663,0,1,0,1,64,6,0,2,0,1,15876.52,0
3517,15787151,638,1,0,0,0,34,7,0,2,1,1,198969.78,0
5139,15589969,850,1,0,0,1,34,6,0,1,0,1,52796.31,0
1409,15579062,707,1,0,0,1,32,9,0,2,0,0,30807.02,0
3176,15764604,586,1,0,0,0,35,7,164769.02,3,1,0,119814.25,1
2937,15671766,599,1,0,0,1,44,10,118577.24,1,1,1,31448.52,0
2630,15711789,768,0,1,0,0,42,3,0,1,0,0,161242.99,1
6339,15784161,583,0,0,1,1,39,8,102945.01,1,0,0,52861.89,0
5691,15676707,577,0,1,0,0,39,4,0,2,1,0,91366.42,0
6255,15721047,578,0,0,1,1,37,1,135650.88,1,1,0,199428.19,0
3421,15654519,680,1,0,0,1,31,1,0,2,1,1,3148.2,0
4768,15688876,685,0,1,0,1,39,9,0,2,1,1,18826.06,0
2119,15774857,460,1,0,0,0,27,7,0,2,1,0,156150.08,1
7848,15769915,643,0,1,0,0,20,0,133313.34,1,1,1,3965.69,0
1167,15633419,622,0,0,1,0,28,1,143124.63,2,1,0,81723.8,0
3091,15779581,734,0,1,0,0,43,3,55853.33,2,0,1,94811.85,1
9837,15777958,587,1,0,0,1,39,10,0,2,1,1,170409.45,0
2425,15782941,573,1,0,0,1,31,2,0,2,1,1,91957.39,0
6886,15606849,698,1,0,0,0,27,1,94920.71,1,1,1,40339.9,0
9946,15674000,645,1,0,0,1,44,10,0,2,0,1,166707.22,0
6062,15758023,544,0,0,1,1,47,5,105245.21,1,0,0,99922.08,1
5335,15813681,786,0,0,1,1,24,2,120135.55,2,1,1,125449.47,0
1440,15806967,778,1,0,0,0,65,7,0,1,1,1,77867.23,0
8768,15585466,552,1,0,0,1,29,10,0,2,1,0,12186.83,0
4191,15659568,850,0,1,0,0,31,3,121237.65,1,1,1,31022.56,0
5634,15715877,821,1,0,0,1,28,2,0,2,1,0,46072.52,0
2083,15617617,811,0,1,0,1,39,7,0,2,1,1,177519.39,0
5504,15631739,704,0,1,0,1,24,10,122109.78,1,1,1,127654.37,0
4252,15720847,601,1,0,0,1,35,2,0,2,1,1,118983.18,0
481,15695585,788,0,1,0,1,34,6,156478.62,1,0,1,181196.76,0
9079,15705448,647,0,0,1,1,52,7,130013.12,1,1,1,190806.36,1
2151,15771211,668,1,0,0,1,38,10,86977.96,1,0,1,37094.75,0
1236,15600700,523,0,0,1,1,63,6,116227.27,1,1,1,119404.63,0
6322,15689096,590,1,0,0,1,47,0,117879.32,1,1,1,8214.46,0
7275,15680901,652,1,0,0,0,34,6,97435.85,2,1,1,104331.76,0
1217,15682528,572,1,0,0,1,33,5,0,1,0,1,41139.05,0
4076,15761600,713,1,0,0,1,43,5,86394.14,1,1,1,130001.13,0
675,15642394,529,0,1,0,1,35,5,0,2,1,1,187288.5,0
5439,15633274,679,1,0,0,1,34,7,160515.37,1,1,0,121904.14,0
1381,15743067,625,0,0,1,1,26,3,130483.95,1,1,0,122810.53,0
7920,15634564,593,0,1,0,1,31,8,112713.34,1,1,1,176868.89,0
509,15773890,733,1,0,0,1,22,5,0,2,1,1,117202.19,0
7708,15655859,848,0,1,0,1,35,5,120046.74,2,1,0,84710.65,0
4106,15701392,815,0,1,0,1,28,6,0,2,0,1,185547.71,0
7298,15637891,613,0,0,1,0,43,4,140681.68,1,0,1,20134.07,0
5354,15782181,592,0,1,0,1,35,6,80285.16,1,1,0,72678.75,1
8534,15768566,706,1,0,0,1,34,8,0,2,1,1,37479.97,0
4737,15718773,638,1,0,0,0,32,0,0,2,1,0,160129.99,0
9036,15807555,535,1,0,0,1,45,2,0,2,1,0,125658.28,0
8957,15723481,728,0,1,0,1,42,8,0,2,0,1,41823.22,0
9634,15668057,669,1,0,0,0,31,6,113000.66,1,1,0,40467.82,0
5470,15678571,723,1,0,0,1,21,4,0,2,0,0,24847.02,0
2230,15756125,757,0,1,0,1,44,5,140856.16,2,1,0,158735.1,0
544,15705953,721,0,1,0,1,51,0,169312.13,1,1,0,109078.35,1
4344,15654577,549,0,0,1,1,54,5,92877.33,1,1,0,2619.64,1
5206,15735400,756,1,0,0,1,28,8,179960.2,1,1,0,89938.08,0
3189,15586757,801,1,0,0,0,32,4,75170.54,1,1,1,37898.5,0
4143,15609623,637,1,0,0,0,63,5,0,1,1,0,28092.77,1
5211,15738954,551,1,0,0,1,35,7,129717.3,2,0,0,86937.2,0
2113,15631201,472,0,1,0,0,28,4,0,2,1,0,1801.77,0
925,15658485,785,1,0,0,0,34,9,70302.48,1,1,1,68600.36,0
673,15721024,642,1,0,0,1,26,0,0,1,0,0,47472.68,0
3105,15654230,526,0,0,1,1,31,5,145537.21,1,1,0,132404.64,0
8624,15666197,430,0,0,1,0,38,8,153058.64,1,1,0,99377.27,0
9335,15777217,641,0,1,0,1,25,10,0,2,1,1,180808.39,0
1179,15782454,552,1,0,0,1,49,4,0,1,1,1,190296.76,1
846,15592222,505,1,0,0,1,49,7,80001.23,1,0,0,135180.11,0
7253,15730673,567,0,0,1,1,40,7,122265.24,1,1,0,138552.74,0
5688,15691840,505,0,0,1,0,37,6,159863.9,2,0,1,125307.87,0
7542,15649430,723,1,0,0,1,28,4,0,2,1,1,123885.88,0
5292,15575510,659,1,0,0,0,32,2,155584.21,1,0,1,153662.88,0
6067,15580249,502,1,0,0,1,45,0,0,1,0,0,84663.21,0
8327,15813645,491,1,0,0,0,36,0,53369.13,1,1,1,103934.12,0
1787,15603846,711,0,1,0,1,37,2,0,2,1,0,83978.86,1
280,15782210,714,1,0,0,1,46,1,0,1,1,0,152167.79,1
2509,15661974,677,1,0,0,1,46,2,57037.74,1,1,1,158531.01,0
7867,15677062,666,1,0,0,0,38,6,127043.09,1,1,1,8247,0
8589,15742809,712,0,1,0,0,29,7,77919.78,1,1,0,122547.58,0
2597,15763665,833,1,0,0,0,28,4,136674.51,2,0,0,5278.78,0
8241,15708504,790,0,0,1,1,50,8,121438.58,1,1,1,176471.78,1
3263,15654456,511,0,0,1,1,48,6,149726.08,1,0,0,88307.87,1
2184,15730735,713,1,0,0,1,38,9,72286.84,2,1,1,26136.89,0
6711,15701037,578,1,0,0,1,39,2,0,2,1,0,70563.9,0
1223,15616280,536,1,0,0,1,46,1,65733.41,1,1,0,61094.53,0
2926,15633531,717,1,0,0,0,76,9,138489.66,1,1,1,68400.14,0
3785,15723169,640,1,0,0,0,31,9,138857.59,1,1,0,48640.77,0
962,15582797,685,0,1,0,1,35,4,137948.51,1,1,0,113639.64,0
3070,15570932,666,1,0,0,1,43,7,137780.74,2,1,1,119100.05,1
8872,15699524,466,1,0,0,0,30,3,0,1,1,0,193984.6,0
8766,15791452,675,1,0,0,1,39,1,0,2,1,0,153129.22,0
864,15614215,717,1,0,0,1,53,6,0,2,0,1,97614.87,0
5429,15623082,507,1,0,0,0,35,2,0,2,1,0,97633.93,0
168,15588537,615,0,1,0,0,41,9,109013.23,1,1,0,196499.96,0
5160,15651103,762,0,1,0,0,69,9,183744.98,1,1,1,196993.69,0
3047,15779862,658,0,0,1,0,31,3,133003.03,1,0,1,146339.27,1
4192,15715597,679,1,0,0,1,36,1,97234.58,1,1,0,188997.08,0
6928,15781665,601,1,0,0,0,37,5,0,1,0,0,20708.6,0
755,15685997,838,0,1,0,0,39,5,166733.92,2,1,0,14279.44,0
2787,15585100,511,0,0,1,0,40,9,124401.6,1,1,0,198814.24,1
5258,15628600,807,0,0,1,0,31,1,141069.18,3,1,1,194257.11,0
1756,15778410,533,0,1,0,0,52,7,0,1,0,1,194113.99,1
1433,15687959,573,0,1,0,0,44,4,0,1,1,1,94862.93,0
496,15804256,765,0,0,1,1,36,8,92310.54,2,1,1,72924.56,0
1910,15773605,670,0,1,0,0,32,3,0,2,1,0,46175.7,0
6344,15793455,627,0,1,0,0,55,6,0,1,0,0,91943.94,1
9719,15704053,710,0,1,0,1,62,3,131078.42,2,1,0,119348.76,1
1952,15589793,604,1,0,0,1,53,8,144453.75,1,1,0,190998.96,1
1277,15690182,635,0,0,1,1,37,5,113488.68,1,1,0,95611.74,1
3250,15591279,734,1,0,0,1,37,3,80387.81,1,0,1,77272.62,0
8201,15577359,767,0,1,0,1,47,5,0,1,1,0,121964.46,1
9205,15737971,646,1,0,0,0,30,5,0,2,1,0,13935.32,0
728,15767432,711,1,0,0,0,25,7,0,3,1,1,9679.28,0
9635,15580805,655,1,0,0,1,27,10,0,2,1,0,51620.94,0
3346,15648320,658,1,0,0,0,31,7,123974.96,1,1,0,102153.75,0
4129,15772148,639,0,0,1,0,37,5,151242.48,1,0,1,49637.65,0
1760,15757646,584,1,0,0,1,35,9,0,2,1,0,192381.21,0
3067,15789815,503,1,0,0,0,28,5,0,2,1,0,125918.17,0
5894,15641004,605,0,1,0,0,48,10,150315.92,1,0,1,133486.36,0
3458,15713370,657,0,1,0,1,36,8,188241.05,2,0,0,183058.51,1
3103,15660866,640,1,0,0,0,29,3,0,2,1,0,2743.69,0
7480,15671987,567,0,1,0,1,35,8,153137.74,1,1,0,88659.07,0
258,15592979,671,0,0,1,0,34,6,37266.67,2,0,0,156917.12,0
4701,15773709,838,0,1,0,1,35,0,0,2,0,1,197305.91,0
4994,15728912,554,1,0,0,0,44,6,92436.86,1,1,0,126033.9,0
6098,15615050,575,0,0,1,1,47,9,107915.94,2,1,1,63452.18,1
4743,15762134,506,0,0,1,1,59,8,119152.1,2,1,1,170679.74,0
2865,15597033,708,0,0,1,1,37,8,153366.13,1,1,1,26912.34,0
2135,15610355,713,1,0,0,1,44,1,63438.91,1,1,0,64375.4,0
9272,15774285,649,0,1,0,0,47,8,110783.28,1,1,1,71420.16,0
2541,15769703,550,0,0,1,0,45,8,111257.59,1,0,0,97623.42,1
4090,15596979,662,1,0,0,0,47,6,0,2,1,1,129392.75,0
370,15583303,593,1,0,0,0,29,2,152265.43,1,1,0,34004.44,0
1826,15678727,770,0,0,1,1,45,4,110765.68,1,1,0,26163.74,1
8244,15572174,825,1,0,0,1,29,3,148874.01,2,0,1,71192.82,0
830,15639788,577,1,0,0,0,39,10,0,2,1,0,10553.31,0
2461,15726403,660,0,0,1,1,41,1,129901.21,1,1,0,26025.6,1
5815,15725882,618,0,0,1,0,40,1,133245.52,2,1,1,54495.82,0
5526,15782993,624,1,0,0,1,51,10,123401.43,2,1,1,127825.25,0
9046,15749951,766,0,0,1,1,27,5,126285.73,1,1,0,177614.17,1
2502,15753370,691,0,0,1,0,38,5,114753.76,1,1,0,107665.02,0
240,15795149,703,1,0,0,1,28,2,81173.83,2,0,1,162812.16,0
4979,15758939,540,0,0,1,1,35,7,127801.88,1,0,1,84239.46,0
1838,15619343,561,1,0,0,1,56,7,152759,2,1,0,133167.11,1
5556,15572398,614,0,1,0,0,39,6,0,2,1,1,164018.98,0
8561,15599386,627,0,0,1,1,28,5,71097.23,1,1,1,130504.49,0
6115,15662488,627,1,0,0,0,44,5,0,2,1,0,82969.61,1
3081,15694288,468,0,1,0,1,28,3,0,2,1,0,170661.02,0
8590,15637829,691,1,0,0,0,34,7,0,2,0,1,161559.12,0
5972,15786680,805,0,1,0,1,37,5,0,2,1,0,21928.81,0
6166,15801942,619,0,1,0,0,41,8,0,3,1,1,79866.73,1
1008,15573086,564,1,0,0,1,42,7,99824.45,1,1,1,36721.4,0
3780,15694160,624,1,0,0,1,37,0,0,2,0,0,112104.55,0
8735,15642530,706,0,0,1,0,47,10,144090.42,1,1,0,140938.95,1
5960,15665629,719,0,1,0,0,33,7,0,2,1,0,20016.59,0
3113,15622478,698,1,0,0,0,40,7,105061.74,3,1,0,107815.31,1
3552,15580629,604,1,0,0,1,31,6,134837.58,1,1,0,192029.19,0
1573,15725141,716,1,0,0,0,44,3,109528.28,1,1,0,27341.63,1
5573,15613140,565,1,0,0,1,34,6,0,1,1,1,63173.64,0
9409,15767818,640,1,0,0,1,55,10,132436.34,1,1,0,978.66,0
7246,15763579,702,0,0,1,0,36,2,105264.88,2,1,1,52909.87,0
2593,15658956,505,0,0,1,1,40,6,47869.69,2,1,1,155061.97,0
9112,15711062,633,0,0,1,1,40,5,86172.81,2,1,1,117279.49,0
5546,15806709,609,0,0,1,1,33,6,94126.67,1,0,0,93718.16,0
3643,15569572,778,1,0,0,1,42,6,0,2,1,1,106197.44,0
6666,15599024,506,0,1,0,1,32,8,0,2,0,1,182692.8,0
7120,15636478,621,1,0,0,1,31,7,136658.61,1,1,1,148689.13,0
2653,15761348,601,1,0,0,0,38,0,0,2,1,0,165196.65,0
2969,15756932,696,0,1,0,0,36,7,0,2,1,1,82298.59,0
8966,15811032,477,0,0,1,0,58,8,145984.92,1,1,1,24564.7,0
6331,15715117,744,1,0,0,0,39,6,0,1,0,0,10662.58,0
8666,15727291,821,1,0,0,0,40,1,0,2,1,0,194273.12,0
1555,15779481,628,1,0,0,1,34,4,158741.43,2,1,1,126192.54,0
3137,15617877,607,1,0,0,1,44,0,0,2,1,1,81140.09,0
8860,15743456,715,1,0,0,0,32,10,0,2,1,0,60907.49,0
2886,15716024,660,0,1,0,1,42,5,0,2,1,0,115509.59,0
291,15652266,703,0,0,1,1,42,9,63227,1,0,1,137316.32,0
3442,15636658,596,1,0,0,1,36,2,0,2,1,1,12067.39,0
2895,15644119,531,1,0,0,1,31,3,0,1,1,1,42589.33,0
8714,15578788,786,0,1,0,1,40,6,0,2,0,0,41248.8,0
9469,15638047,613,0,0,1,0,45,9,142765.24,2,1,0,34749.65,0
9094,15671334,527,1,0,0,1,31,4,0,1,1,0,169361.89,0
666,15645772,661,1,0,0,1,33,9,0,2,1,1,84174.81,0
4666,15656293,786,1,0,0,1,35,3,0,2,1,0,92712.97,0
6955,15799042,611,1,0,0,1,38,7,0,1,1,1,63202,0
1765,15636238,611,1,0,0,1,40,1,0,2,1,1,102547.56,0
1687,15570205,682,0,1,0,1,36,5,0,2,1,1,147758.51,0
6649,15731751,437,1,0,0,0,26,1,120923.52,1,0,1,78854.57,0
8960,15627195,568,0,0,1,1,26,1,112930.28,2,1,0,22095.73,0
1627,15588248,617,1,0,0,0,28,0,0,2,1,1,7597.83,1
7203,15671014,573,0,1,0,0,72,8,98765.84,1,1,1,96015.53,0
6028,15799494,850,0,0,1,1,44,3,140393.65,2,0,1,186285.52,0
2533,15658693,827,1,0,0,0,60,2,0,2,0,1,60615.83,0
1513,15586974,656,1,0,0,1,39,10,0,2,1,1,98894.64,0
9880,15669414,486,0,0,1,1,62,9,118356.89,2,1,0,168034.83,1
7903,15613962,499,1,0,0,0,38,9,0,2,0,1,183042.2,0
2526,15738411,505,1,0,0,1,34,10,104498.79,1,0,1,126451.14,0
7793,15613197,590,1,0,0,1,40,8,0,2,1,0,62933.03,0
5961,15728917,598,1,0,0,1,48,6,120682.53,1,1,0,30635.52,1
4381,15812241,438,0,0,1,1,59,7,127197.14,1,1,0,51565.98,1
5111,15646756,682,1,0,0,0,33,8,74963.5,1,1,1,32770.56,0
6867,15664506,675,0,1,0,1,32,8,197436.82,1,1,1,52710.7,0
3146,15775590,482,0,0,1,0,48,2,69329.47,1,0,0,102640.52,1
596,15680970,611,0,0,1,0,41,2,114206.84,1,1,0,164061.6,0
9369,15670492,737,1,0,0,1,28,8,0,2,1,0,106390.01,0
6768,15654964,608,0,1,0,1,48,7,75801.74,1,1,0,125762.95,0
7208,15570990,520,0,1,0,0,30,4,145222.99,2,0,0,145160.96,0
904,15786014,568,1,0,0,1,28,5,145105.64,2,1,0,185489.11,0
98,15693683,814,0,0,1,1,29,8,97086.4,2,1,1,197276.13,0
4559,15623730,792,1,0,0,1,34,1,0,1,0,1,86330.32,0
4038,15807563,841,1,0,0,0,52,5,0,1,0,0,183239.71,1
4282,15721251,554,0,1,0,0,41,4,112152.89,1,0,1,36242.19,0
794,15769504,743,0,0,1,0,34,1,131736.88,1,1,1,108543.21,0
7291,15793825,536,1,0,0,1,39,4,0,2,1,0,27150.35,0
7623,15796413,794,1,0,0,1,46,6,0,2,1,0,195325.74,0
4507,15635177,597,0,1,0,0,66,3,0,1,1,1,70532.53,0
4042,15742504,593,1,0,0,1,36,2,70181.48,2,1,0,80608.12,0
4948,15670354,753,1,0,0,0,62,6,0,2,1,1,136398.9,0
8546,15674179,513,0,0,1,1,34,7,60515.13,1,0,0,124571.09,0
7565,15759387,598,0,0,1,1,38,1,101487.18,1,1,1,75959.1,1
1116,15626608,479,0,1,0,1,48,5,87070.23,1,0,1,85646.41,0
3416,15710689,578,0,1,0,1,40,6,63609.92,1,0,0,74965.61,1
6289,15568562,689,1,0,0,1,40,8,160272.27,1,1,0,49656.24,0
3573,15754267,697,0,0,1,1,31,3,108805.42,2,0,1,123825.83,0
2393,15656912,649,0,1,0,1,51,4,0,1,1,1,150390.57,0
7211,15800773,648,0,1,0,0,28,9,102282.61,1,1,1,157891.11,0
7607,15571571,680,0,0,1,0,31,3,127331.46,3,1,1,176433.6,0
9841,15607877,576,0,1,0,1,26,8,0,2,0,1,34101.06,0
5472,15623202,704,0,0,1,0,39,10,102556.18,2,1,0,171971.25,1
2050,15723008,720,1,0,0,0,45,1,102882.4,2,1,1,35633.15,1
8865,15599124,832,1,0,0,0,29,5,0,2,1,0,178779.52,0
8748,15667216,579,1,0,0,0,29,10,73194.52,2,1,1,129209.09,0
571,15728505,601,1,0,0,1,44,1,100486.18,2,1,1,62678.53,0
4877,15585133,657,0,1,0,0,27,8,0,2,0,0,6468.24,0
1772,15633260,600,1,0,0,1,37,1,142663.46,1,0,1,88669.89,0
3811,15746802,477,1,0,0,0,30,6,131286.46,1,1,0,194144.45,0
5692,15601383,744,0,1,0,1,44,5,120654.68,1,1,0,82290.81,0
1621,15657386,712,0,0,1,1,43,1,141749.74,2,0,1,90905.26,0
6766,15689955,461,1,0,0,0,40,7,0,2,1,0,176547.8,0
7421,15765487,753,0,0,1,0,38,9,151766.71,1,1,1,180829.99,0
6627,15619932,847,1,0,0,1,66,7,123760.68,1,0,1,53157.16,0
3495,15568120,681,1,0,0,0,37,7,69609.85,1,1,1,72127.83,0
108,15812878,785,0,0,1,0,36,2,99806.85,1,0,1,36976.52,0
1109,15678886,679,0,0,1,1,38,7,110555.37,2,1,0,46522.68,0
828,15666633,758,0,1,0,1,56,1,0,2,1,1,10643.38,0
5047,15708289,793,0,1,0,1,25,3,100913.57,1,0,0,10579.72,0
620,15646161,673,0,1,0,0,37,8,0,2,1,1,183318.79,0
4946,15646784,529,1,0,0,0,31,2,164003.05,2,1,1,60993.23,0
7942,15583755,592,0,0,1,1,33,2,156570.86,1,1,1,37140.2,0
5582,15812850,494,0,1,0,1,67,5,0,2,1,1,85890.16,0
4969,15572158,604,0,1,0,1,41,3,0,1,0,0,11819.84,0
6985,15622631,588,1,0,0,1,44,8,154409.74,1,1,0,49324.03,1
6551,15617331,637,0,0,1,0,39,3,109698.41,1,1,1,88391.29,1
4443,15766163,676,1,0,0,1,38,1,0,2,0,1,35644.79,0
8140,15770539,792,1,0,0,1,30,1,127187.86,1,1,1,113553.42,0
9161,15753679,778,1,0,0,1,24,4,0,2,1,1,162809.2,0
9991,15798964,714,0,0,1,1,33,3,35016.6,1,1,0,53667.08,0
3584,15773221,577,0,1,0,1,43,8,79757.21,1,1,0,135650.72,1
6081,15725945,659,0,1,0,0,42,2,0,1,0,0,162734.31,1
1801,15794122,713,1,0,0,0,59,3,0,2,1,1,62700.08,0
769,15724296,684,0,1,0,1,41,2,119782.72,2,0,0,120284.67,0
1703,15713644,686,0,1,0,1,22,5,0,2,1,0,158974.45,0
3814,15665402,703,0,1,0,1,73,5,137761.55,1,1,1,159677.46,0
5252,15743759,619,1,0,0,1,39,5,0,2,1,1,158444.61,0
763,15637876,663,0,0,1,0,36,6,77253.5,1,0,0,35817.97,1
2475,15693199,739,1,0,0,0,37,8,0,2,1,0,191557.1,1
3597,15707199,643,1,0,0,1,36,0,148159.71,1,0,0,55835.66,0
3806,15597394,668,0,1,0,1,34,0,0,1,0,0,99984.86,0
1732,15721730,601,0,1,0,0,44,4,0,2,1,0,58561.31,0
1664,15663441,700,0,0,1,0,40,4,148571.07,1,1,0,189826.96,1
8029,15775124,763,0,1,0,1,37,8,0,2,1,1,933.38,0
1371,15791767,769,1,0,0,0,26,7,0,2,1,0,176843.53,0
7424,15692430,699,0,0,1,1,36,2,123601.56,2,1,0,103557.85,0
4259,15796167,782,0,0,1,1,35,7,98556.89,2,1,0,117644.36,0
4658,15736302,687,1,0,0,1,48,4,0,2,1,1,170893.85,0
3754,15578211,777,1,0,0,1,23,6,0,2,1,1,163225.48,0
1478,15732175,776,1,0,0,1,37,2,0,1,0,1,8065,0
1612,15781553,760,0,0,1,0,49,9,91502.99,1,1,0,117232.9,1
3059,15744279,680,0,1,0,0,58,8,0,2,1,1,65708.5,0
4676,15602405,703,0,0,1,0,38,9,99167.54,1,1,0,65720.92,0
1237,15774155,662,0,0,1,1,33,0,103471.52,1,1,1,162703,0
9459,15665064,523,1,0,0,1,36,8,158351.02,2,1,0,155304.53,0
1693,15809006,602,1,0,0,1,23,7,113758.48,2,0,0,84077.6,0
9948,15732202,615,1,0,0,1,34,1,83503.11,2,1,1,73124.53,1
3460,15754919,773,1,0,0,0,40,10,0,2,0,1,69303.15,0
2642,15599301,538,0,0,1,0,28,6,164365.44,1,0,1,5698.97,0
6949,15803750,750,0,1,0,0,33,3,161801.47,1,0,1,153288.97,1
5595,15658432,688,1,0,0,1,40,6,0,1,1,1,47886.44,0
7133,15694666,707,0,1,0,1,48,8,88441.64,1,1,1,119903.2,1
8235,15677796,766,0,0,1,1,47,9,129289.98,1,1,0,169935.46,1
8246,15569626,577,0,1,0,1,35,5,110080.3,1,1,1,109794.31,0
459,15707362,514,0,0,1,1,43,1,95556.31,1,0,1,199273.98,1
4406,15617655,564,0,1,0,0,35,9,0,2,1,1,105837.38,0
2961,15595135,778,0,0,1,0,29,7,123229.46,1,1,0,181221.09,0
4928,15803456,641,1,0,0,0,40,9,0,1,0,0,151648.66,1
6903,15636548,457,0,1,0,1,44,7,0,2,0,0,185992.36,0
9150,15814331,597,0,0,1,0,43,7,119127.46,2,1,0,55809.92,0
19,15661507,587,0,1,0,1,45,6,0,1,0,0,158684.81,0
5437,15811200,831,1,0,0,0,34,2,0,2,0,0,165840.94,0
4831,15620758,660,0,1,0,1,30,4,0,2,1,0,129149.06,0
9189,15778192,628,0,1,0,1,28,4,0,2,1,1,176750.81,0
6216,15597610,553,0,1,0,1,41,6,144974.55,1,1,1,19344.92,0
5147,15628992,850,0,0,1,1,32,2,128647.98,2,0,0,54416.18,0
6875,15793883,798,1,0,0,1,28,3,0,2,1,0,2305.27,0
6749,15637646,756,1,0,0,1,31,10,122647.32,1,0,0,61666.87,0
3223,15575247,524,1,0,0,1,30,1,0,2,1,0,126812.85,0
7658,15608916,573,1,0,0,1,40,7,147754.68,1,1,1,110454.46,0
2311,15569222,781,1,0,0,1,32,6,147107.91,1,1,1,40066.95,0
8387,15641110,708,1,0,0,1,41,0,0,1,1,0,128400.62,0
7116,15773421,673,1,0,0,0,42,4,0,2,1,0,121440.8,0
7838,15678497,850,0,1,0,1,48,2,0,1,1,0,169425.3,1
7538,15773776,655,1,0,0,0,38,6,0,1,1,1,188639.28,0
7095,15655464,640,1,0,0,0,67,3,0,1,0,1,42964.63,0
3046,15749130,621,0,0,1,1,27,1,74298.43,1,1,1,52581.96,0
125,15779659,625,1,0,0,0,28,3,0,1,0,0,183646.41,0
2004,15799350,632,1,0,0,1,41,0,106134.46,1,0,1,105570.39,0
4745,15582849,757,1,0,0,0,51,1,0,1,1,1,22835.13,1
9813,15711572,705,0,0,1,0,31,9,110941.93,2,1,0,163484.8,0
3551,15648455,647,0,0,1,1,51,4,131156.76,1,1,0,29883.63,0
4167,15654562,850,0,1,0,0,45,5,174088.3,4,1,0,5669.31,1
7300,15627190,661,1,0,0,1,51,6,146606.6,1,1,1,68021.9,0
159,15589975,646,1,0,0,0,73,6,97259.25,1,0,1,104719.66,0
9287,15586523,720,0,0,1,0,29,7,106230.92,1,1,1,69903.93,1
3175,15734312,577,0,1,0,1,43,6,0,2,1,1,149457.81,0
6340,15700325,644,1,0,0,0,24,8,92760.55,1,1,0,35896.75,0
9103,15810942,445,0,0,1,0,61,2,137655.31,1,0,1,29909.84,0
8501,15584785,660,1,0,0,1,37,2,97324.91,1,1,0,23291.83,0
9875,15671358,720,1,0,0,1,44,4,0,2,1,0,163471.01,0
8276,15737489,610,0,1,0,0,46,5,116886.59,1,0,0,107973.44,0
3828,15654733,794,0,0,1,1,57,3,117056.46,1,1,0,93336.93,1
692,15688251,767,1,0,0,1,43,1,76408.85,2,1,0,77837.63,0
6417,15789379,762,1,0,0,1,26,6,130428.78,1,1,0,173365.89,0
9185,15716984,695,0,1,0,0,56,4,0,2,1,0,84644.76,0
7428,15664720,714,0,1,0,1,33,8,122017.19,1,0,0,162515.17,0
1082,15699911,461,0,1,0,0,35,8,0,1,1,0,132295.95,0
3065,15762228,506,0,1,0,1,35,6,110046.93,2,1,0,26318.73,0
9967,15590213,479,0,1,0,1,35,4,125920.98,1,1,1,20393.44,0
4018,15678034,811,1,0,0,1,46,9,180226.24,1,1,0,13464.64,1
5915,15726058,754,0,0,1,1,27,7,117578.35,2,0,1,87908.01,0
6800,15692575,760,1,0,0,1,38,6,162888.73,1,1,0,91098.76,1
8713,15771054,469,0,1,0,1,35,5,0,2,1,0,186490.37,0
5296,15801788,706,0,0,1,0,29,6,185544.36,1,1,0,171037.63,0
7383,15735106,647,0,1,0,1,28,6,149594.02,2,1,0,102325.19,0
6432,15683363,540,0,1,0,1,39,1,0,1,0,1,108419.41,0
1320,15763612,756,0,0,1,1,41,2,124439.49,2,0,1,47093.11,0
3430,15674678,731,0,0,1,0,43,9,79120.27,1,0,0,548.52,1
8642,15749103,604,0,0,1,0,47,4,118907.6,1,0,1,47777.15,1
7015,15692408,463,0,1,0,0,35,2,0,2,1,1,1950.93,0
2555,15739357,756,0,1,0,1,30,2,145127.85,1,0,0,7554.68,0
6619,15756301,636,0,0,1,0,29,3,97325.15,1,0,1,131924.38,0
3593,15628886,677,0,1,0,1,56,5,123959.97,1,1,1,60590.72,1
1583,15631072,690,1,0,0,1,38,1,94456,2,0,1,55034.02,0
6911,15709199,511,0,1,0,0,40,1,0,1,1,1,184118.73,0
2351,15646764,617,0,0,1,0,58,3,119024.75,2,1,0,35199.24,1
4513,15751748,666,1,0,0,1,51,2,148222.65,1,0,0,156953.54,1
3702,15678317,603,1,0,0,1,46,2,0,2,1,1,59563.49,0
4337,15771742,580,0,0,1,1,38,9,115442.19,2,1,0,128481.5,1
5337,15700460,530,1,0,0,0,55,4,120905.03,1,0,1,123475.88,1
757,15637979,664,0,0,1,0,36,2,127160.78,2,1,0,78140.75,0
9791,15658211,559,0,1,0,0,39,2,0,2,1,1,121151.1,0
9040,15777614,545,0,1,0,0,44,1,0,2,1,1,82614.89,0
7508,15642001,576,0,0,1,1,44,9,119530.52,1,1,0,119056.68,1
829,15596914,630,0,0,1,0,31,2,112373.49,2,1,1,131167.98,0
9885,15686974,751,1,0,0,0,48,4,0,1,0,1,30165.06,1
7860,15646374,766,0,0,1,0,28,3,62717.84,2,1,1,13182.43,0
4623,15703614,564,0,1,0,1,48,5,132876.23,1,1,0,79259.77,0
6455,15705899,597,0,1,0,1,35,0,127510.99,1,1,1,155356.34,0
9463,15737385,800,0,1,0,0,46,6,0,2,1,0,171928.04,0
6512,15720636,628,1,0,0,0,50,4,143054.56,1,0,1,109608.81,1
267,15653857,498,1,0,0,1,34,2,0,2,1,1,148528.24,0
1536,15614818,764,0,1,0,0,33,9,168964.77,1,0,1,118982.51,0
6779,15613463,679,0,0,1,0,50,6,132598.38,2,1,1,184017.98,0
2942,15792008,555,0,1,0,0,26,9,0,2,0,1,158918.03,0
2505,15625942,619,0,1,0,0,45,0,0,2,0,0,113645.4,0
8999,15692577,674,0,0,1,0,38,10,83727.68,1,1,0,45418.12,0
1949,15569187,680,0,1,0,1,35,9,0,2,0,0,143774.06,0
8835,15794178,657,1,0,0,1,34,3,107136.6,1,1,0,153895.46,0
482,15744398,525,1,0,0,0,23,5,0,2,1,0,160249.1,0
3456,15580988,842,1,0,0,1,29,8,0,2,1,1,123437.05,0
3718,15623536,646,0,0,1,1,39,0,154439.86,1,1,0,171519.06,0
6139,15717984,477,1,0,0,1,47,9,144900.58,1,1,0,61315.37,1
4472,15642824,826,0,1,0,0,56,8,174506.1,2,0,1,161802.82,1
2336,15581440,724,0,0,1,0,48,6,110463.25,2,1,1,80552.11,1
7892,15652782,678,0,0,1,1,48,2,101099.9,2,0,1,193476.04,0
3403,15715745,690,1,0,0,0,26,5,157624.84,1,1,1,49599.27,0
3270,15774744,664,0,0,1,1,33,7,97286.16,2,1,0,143433.33,0
3879,15653222,526,0,0,1,0,32,6,131938.92,2,1,1,1795.93,0
5790,15726103,689,0,0,1,0,55,1,76296.81,1,1,0,42364.75,1
1888,15680918,613,0,1,0,1,34,8,117300.02,1,1,0,139410.08,0
3155,15609637,652,1,0,0,1,51,7,0,2,0,1,43496.36,0
795,15776807,654,1,0,0,1,29,1,0,1,1,0,180345.44,0
5231,15576641,733,0,0,1,1,40,5,125725.02,2,1,1,50783.1,0
3378,15628219,665,0,0,1,0,37,3,111911.63,1,1,1,110359.68,1
8869,15708357,649,0,1,0,0,38,8,0,1,1,0,103760.53,0
1180,15814032,807,0,0,1,0,31,1,93460.47,2,0,0,172782.69,0
2481,15803790,638,0,0,1,1,37,2,89728.86,2,1,1,37294.88,0
9069,15692235,750,1,0,0,0,38,1,0,2,1,0,47764.99,0
4733,15653937,638,0,0,1,0,53,1,123916.67,1,1,0,16657.68,1
3863,15726588,653,0,1,0,0,36,3,0,2,0,0,110525.6,0
6346,15632345,754,1,0,0,0,35,4,0,2,1,0,44830.71,0
5317,15780386,654,0,1,0,1,40,5,105683.63,1,1,0,173617.09,0
7694,15602043,770,0,0,1,0,46,5,141788.63,2,0,0,164967.21,0
4312,15719991,727,0,1,0,0,52,1,154733.97,1,1,0,80259.67,1
8274,15709643,675,1,0,0,1,32,1,0,3,1,0,85901.09,0
9969,15733491,512,0,0,1,0,40,8,153537.57,2,0,0,23101.13,0
4360,15605425,545,0,0,1,0,44,2,127536.44,1,1,0,108398.63,0
1589,15758035,747,1,0,0,1,61,7,155973.13,1,0,1,147554.26,0
5629,15665168,681,0,0,1,0,44,3,105206.7,2,1,1,163558.36,0
6488,15574283,580,1,0,0,1,31,2,0,2,0,1,64014.24,0
5453,15798256,558,1,0,0,0,45,1,153697.53,2,0,0,89891.4,1
1262,15794870,744,0,0,1,1,38,6,73023.17,2,1,0,78770.86,0
7064,15766183,580,0,0,1,1,76,2,130334.84,2,1,1,51672.08,0
1526,15568360,569,0,1,0,0,41,4,139840.36,1,1,1,163524.7,0
10000,15628319,792,1,0,0,0,28,4,130142.79,1,1,0,38190.78,0
8077,15590349,732,1,0,0,0,36,9,0,1,0,0,3749,1
2408,15579130,708,0,0,1,0,43,0,118994.84,1,1,0,181499.77,1
8102,15588955,581,0,0,1,0,43,5,93259.57,3,1,0,141035.65,1
3566,15598700,676,0,1,0,0,30,5,0,2,0,1,157888.5,0
4910,15787258,596,0,1,0,0,29,6,0,2,1,0,116696.77,0
6382,15714046,720,0,1,0,1,33,3,123783.91,2,1,1,142903.44,0
9978,15579969,683,1,0,0,0,32,9,0,2,1,1,24991.92,0
5417,15809830,630,1,0,0,1,50,8,0,2,0,1,79377.45,0
7213,15638989,711,1,0,0,0,25,5,190066.54,1,0,0,51345.39,1
4603,15783691,722,0,1,0,0,35,1,120171.58,1,1,0,125240.8,0
4627,15622321,506,1,0,0,0,32,3,0,1,1,1,80823.02,0
6657,15795640,683,0,0,1,0,35,1,132371.3,2,0,0,186123.57,0
802,15762238,671,0,0,1,0,44,0,84745.03,2,0,1,34673.98,0
3338,15647385,579,0,1,0,1,56,4,99340.83,1,0,0,4523.74,1
7381,15625311,589,0,0,1,0,41,7,92618.62,1,1,1,101178.85,0
6846,15734085,465,0,0,1,1,24,5,117154.9,1,1,1,127744.02,0
24,15725737,669,1,0,0,1,46,3,0,2,0,1,8487.75,0
2789,15726589,540,0,0,1,1,39,1,82531.11,1,1,0,114092.52,0
672,15674991,667,1,0,0,1,42,9,0,2,0,1,58137.42,0
3478,15701908,623,0,1,0,0,40,7,0,1,1,1,25904.12,0
3857,15653306,679,0,0,1,0,32,0,88335.05,1,0,0,159584.81,0
3621,15763806,773,1,0,0,1,41,4,0,2,1,1,24924.92,0
3004,15801658,580,1,0,0,1,55,6,104305.74,1,0,1,175750.21,0
4986,15742681,554,0,0,1,1,26,4,121365.39,1,1,1,8742.36,0
2867,15631848,727,1,0,0,0,26,9,121508.28,1,1,1,146785.44,0
6210,15714062,690,1,0,0,0,40,9,77641.99,1,0,0,189051.59,1
6035,15601045,655,0,1,0,1,37,8,163708.58,2,0,0,76259.23,0
350,15576256,582,1,0,0,1,39,5,0,2,1,1,129892.93,0
6785,15570912,728,0,0,1,0,32,9,127772.1,2,1,1,152643.48,0
8034,15576526,850,0,1,0,1,36,6,0,2,0,1,41291.05,0
3029,15675185,697,0,0,1,0,48,2,108128.96,2,1,1,103944.37,0
4569,15672875,584,0,0,1,1,32,8,40172.91,1,1,1,137439.34,0
3627,15634968,789,0,0,1,0,37,6,110689.07,1,1,1,71121.04,1
7192,15567839,501,1,0,0,1,42,9,114631.23,1,0,1,91429.74,0
8827,15570194,412,1,0,0,1,29,5,0,2,0,0,12510.53,0
9928,15759915,814,1,0,0,0,31,6,87772.52,1,1,0,188516.45,0
2503,15782659,527,1,0,0,1,32,0,0,1,1,0,109523.88,0
5623,15766649,670,1,0,0,1,38,10,89416.99,1,0,0,144275.39,0
2606,15620398,635,0,1,0,0,34,5,98683.47,2,1,0,15733.19,0
3616,15639357,415,1,0,0,1,46,9,134950.19,3,0,0,178587.36,1
8054,15800524,686,0,0,1,1,29,3,185379.02,1,1,0,64679.07,0
7141,15716082,703,0,1,0,1,39,6,152685.4,1,0,0,183656.12,0
9207,15611767,624,0,0,1,0,52,0,133723.43,1,0,0,4859.59,1
3914,15732266,553,0,0,1,1,53,5,127997.83,1,1,0,165378.66,1
678,15715142,739,0,0,1,1,45,7,102703.62,1,0,1,147802.94,1
9038,15792862,653,0,0,1,1,41,1,104584.11,1,1,0,15126.32,1
8090,15623357,692,0,0,1,1,24,2,120596.93,1,0,1,180490.53,0
7655,15641007,614,1,0,0,0,38,4,72594,1,1,1,76042.48,0
5755,15766378,714,0,0,1,0,45,9,106431.97,2,1,1,164117.69,0
1421,15753969,724,0,1,0,1,45,5,83888.54,1,0,1,34121.81,0
4222,15621064,701,0,0,1,1,23,5,186101.18,2,1,1,76611.33,0
3302,15658195,653,1,0,0,1,34,5,118838.75,1,1,1,52820.13,0
4398,15743478,659,0,0,1,1,39,8,52106.33,2,1,1,107964.36,0
6372,15656627,602,1,0,0,1,34,5,0,2,1,1,77414.45,0
126,15627360,432,1,0,0,1,42,9,152603.45,1,1,0,110265.24,1
8806,15758546,850,0,1,0,1,39,8,0,2,1,1,37090.44,0
297,15774510,714,1,0,0,0,31,4,125169.26,1,1,1,106636.89,0
6012,15783007,520,0,0,1,0,45,1,123086.39,1,1,1,41042.4,1
2254,15589643,684,0,1,0,0,41,7,0,1,1,1,138394.37,0